51 MOTT STREET, BATTLE CREEK, MICHIGAN,49014,12851,42.310021,-85.169716,1120,1.0,1.0
51 MOTT, BATTLE CREEK, MICHIGAN,49014,15294,42.310021,-85.169716,1120,1.0,1.0
5533 EAST PARADISE ROAD, BATTLE CREEK, MICHIGAN,49014,58450,42.228417,-85.188659,0,0.0,0.0
274 BORDEN DRIVE, BATTLE CREEK, MICHIGAN,49017,53570,42.343809,-85.171716,0,0.0,0.0
925 NORTHEAST CAPITAL AVENUE, BATTLE CREEK, MICHIGAN,49017,16540,42.335061,-85.155536,0,0.0,0.0
135 KELWOOD, BATTLE CREEK, MICHIGAN,49015,58486,42.294071,-85.215704,1176,2.0,3.0
100 FOSTER AVENUE, BATTLE CREEK, MICHIGAN,49015,22480,42.303768,-85.203655,937,1.0,2.0
319 NEWTOWN AVENUE, BATTLE CREEK, MICHIGAN,49015,34189,42.279533,-85.284062,1035,1.0,2.0
133 ELDRED STREET, BATTLE CREEK, MICHIGAN,49015,16036,42.308156,-85.202795,886,1.0,2.0
200 SUMMER STREET, BATTLE CREEK, MICHIGAN,49015,14503,42.305643,-85.208638,952,1.0,2.0
25 TAYLOR AVENUE, BATTLE CREEK, MICHIGAN,49037,35712,42.353976,-85.231026,1041,1.0,3.0
220 LAUREL DRIVE, BATTLE CREEK, MICHIGAN,49017,27794,42.332845,-85.164258,820,1.0,2.0
23 KELLOGG STREET, BATTLE CREEK, MICHIGAN,49037,41966,42.352265,-85.230865,1256,2.0,3.0
53 MARJORIE STREET, BATTLE CREEK, MICHIGAN,49014,15236,42.308033,-85.161543,1328,1.0,3.0
56 TRAVERSE STREET, BATTLE CREEK, MICHIGAN,49017,20340,42.325157,-85.159308,935,1.0,2.0
24 Magnolia AVENUE, BATTLE CREEK, MICHIGAN,49017,25273,42.326109,-85.158154,1362,2.0,3.0
107 Lathrop AVENUE, BATTLE CREEK, MICHIGAN,49014,14239,42.308277,-85.167219,1176,1.0,2.0
135 WATTS, BATTLE CREEK, MICHIGAN,49014,42950,42.309521,-85.131766,0,0.0,0.0
1014 CEDAR STREET, PORT HURON, MICHIGAN,48060,18500,42.961479,-82.433792,0,0.0,0.0
2425 RANDOLPH STREET, PORT HURON, MICHIGAN,48060,72000,42.977498,-82.484921,0,0.0,0.0
2909 PEAVEY STREET, PORT HURON, MICHIGAN,48060,28500,42.93947,-82.458618,0,0.0,0.0
1116 VARNEY STREET, PORT HURON, MICHIGAN,48060,2400,42.979274,-82.436534,0,0.0,0.0
1417 BANCROFT STREET, PORT HURON, MICHIGAN,48060,15400,42.963432,-82.438894,0,0.0,0.0
1311 10TH AVENUE, PORT HURON, MICHIGAN,48060,23100,42.987526,-82.434093,0,0.0,0.0
2726 STURGES STREET, PORT HURON, MICHIGAN,48060,17800,42.938325,-82.455423,0,0.0,0.0
904 GRISWOLD STREET, PORT HURON, MICHIGAN,48060,15400,42.967105,-82.432421,0,0.0,0.0
1103 CEDAR STREET, PORT HURON, MICHIGAN,48060,31800,42.961688,-82.435625,0,0.0,0.0
4125 dove rd., PORT HURON, MICHIGAN,48060,385900,42.950549,-82.491428,0,0.0,0.0
5791 WHEATON RD, JACKSON, MICHIGAN,49201,14700,42.171739,-84.311585,0,0.0,0.0
401 EAST HIGH STREET, JACKSON, MICHIGAN,49203,12600,42.232878,-84.393781,0,0.0,0.0
521 WEST GANSON STREET, JACKSON, MICHIGAN,49201,28150,42.254593,-84.416807,0,0.0,0.0
212 BIRDSELL STREET, JACKSON, MICHIGAN,49203,46200,42.213093,-84.396581,1200,1.0,2.0
5613 LARCH DRIVE, JACKSON, MICHIGAN,49201,48444,42.272418,-84.31636,0,0.0,0.0
1005 LANSING AVENUE, JACKSON, MICHIGAN,49202,19450,42.260904,-84.417223,0,0.0,0.0
215 SECOND STREET, JACKSON, MICHIGAN,49201,16400,42.246109,-84.415868,0,0.0,0.0
2725 overhill ROAD, JACKSON, MICHIGAN,49203,19700,42.22005,-84.403746,828,1.0,2.0
1411 Merriman STREET, JACKSON, MICHIGAN,49203,0,42.23194,-84.397033,0,0.0,0.0
1916 Parkwood Way, JACKSON, MICHIGAN,49203,55850,42.226487,-84.42438,0,0.0,0.0
801 Brentwood Rd, JACKSON, MICHIGAN,49202,44100,42.257628,-84.451565,0,0.0,0.0
118 N Forbes St, JACKSON, MICHIGAN,49202,11650,42.253173,-84.377265,0,0.0,0.0
708 S West Ave, JACKSON, MICHIGAN,49203,27050,42.242028,-84.423584,0,0.0,0.0
899 CYPRESS, ALLEGAN, MICHIGAN,49010,33400,42.548517,-85.850198,1009,1.0,0.0
4359 108TH, ALLEGAN, MICHIGAN,49010,26200,42.476947,-85.955654,1050,1.0,3.0
3504 BABYLON ROAD, ALLEGAN, MICHIGAN,49010,21700,42.553489,-85.88477,852,1.0,2.0
2744 32ND, ALLEGAN, MICHIGAN,49010,55400,42.619537,-85.86022,1716,1.0,0.0
4334 110TH, ALLEGAN, MICHIGAN,49010,78500,42.491123,-85.96795,2688,2.0,4.0
4266 SWAN LAKE DR, ALLEGAN, MICHIGAN,49010,15300,42.46305,-85.965268,480,1.0,0.0
95 26TH, ALLEGAN, MICHIGAN,49010,53400,42.426419,-85.797465,2052,3.0,0.0
2029 36TH, ALLEGAN, MICHIGAN,49010,41400,42.565961,-85.898169,1618,1.0,3.0
765 26TH, ALLEGAN, MICHIGAN,49010,34700,42.475939,-85.798286,720,1.0,0.0
103 GRANT STREET, ALLEGAN, MICHIGAN,49010,31100,42.528423,-85.864555,1206,1.0,0.0
2428 38TH, ALLEGAN, MICHIGAN,49010,55900,42.596277,-85.919112,1162,1.0,0.0
1308 JENNINGS COURT, ALLEGAN, MICHIGAN,49010,28700,42.515179,-85.828247,962,2.0,0.0
3173 102ND, ALLEGAN, MICHIGAN,49010,37700,42.434895,-85.852496,1088,2.0,0.0
2611 BASELINE ROAD, ALLEGAN, MICHIGAN,49010,19200,42.420318,-85.859456,1008,1.0,0.0
2611 BASELINE ROAD, ALLEGAN, MICHIGAN,49010,19200,42.420318,-85.859456,1008,1.0,0.0
745 GRAND STREET, ALLEGAN, MICHIGAN,49010,455300,42.533797,-85.831855,24192,0.0,0.0
1835 LINCOLN ROAD, ALLEGAN, MICHIGAN,49010,102900,42.555835,-85.892573,3133,3.0,3.0
400 NORTH MAIN STREET, ALLEGAN, MICHIGAN,49010,38400,42.534627,-85.845175,1704,2.0,0.0
2346 33RD STREET, ALLEGAN, MICHIGAN,49010,34500,42.590747,-85.869619,1168,1.0,2.0
103 GRANT STREET, ALLEGAN, MICHIGAN,49010,31100,42.528423,-85.864555,1206,1.0,0.0
4353 118TH AVENUE, ALLEGAN, MICHIGAN,49010,26900,42.553356,-85.971873,1768,3.0,0.0
540 36TH STREET, ALLEGAN, MICHIGAN,49010,18900,42.459567,-85.895891,924,1.0,0.0
950 37TH STREET, ALLEGAN, MICHIGAN,49010,35900,42.48865,-85.905993,1400,2.0,0.0
1248 WELLS ROAD, ALLEGAN, MICHIGAN,49010,18700,42.509795,-85.811948,1088,1.0,4.0
2323 28TH STREET, ALLEGAN, MICHIGAN,49010,30200,42.589152,-85.820475,1006,1.0,2.0
4009 112TH AVENUE, ALLEGAN, MICHIGAN,49010,18300,42.506487,-85.936548,1315,1.0,0.0
2933 108TH AVENUE, ALLEGAN, MICHIGAN,49010,40400,42.478538,-85.828086,1800,2.0,0.0
228 JAMES STREET, ALLEGAN, MICHIGAN,49010,26100,42.526554,-85.859528,1447,1.0,0.0
2933 108TH AVENUE, ALLEGAN, MICHIGAN,49010,40400,42.478538,-85.828086,1800,2.0,0.0
4359 108TH AVENUE, ALLEGAN, MICHIGAN,49010,26200,42.476947,-85.955654,1050,1.0,3.0
215 DONALD DRIVE, ALLEGAN, MICHIGAN,49010,103700,42.435116,-85.862586,2356,3.0,0.0
215 DONALD DRIVE, ALLEGAN, MICHIGAN,49010,103700,42.435116,-85.862586,2356,3.0,0.0
4440 128th Ave., ALLEGAN, MICHIGAN,49010,58400,42.622598,-85.980265,1296,1.0,0.0
1915 MARCH ST, KALAMAZOO, MICHIGAN,49001,18100,42.272631,-85.562715,0,0.0,0.0
5361 COMSTOCK AVE, KALAMAZOO, MICHIGAN,49048,31300,42.283833,-85.524445,0,0.0,0.0
628 LAKE ST, KALAMAZOO, MICHIGAN,49001,14600,42.280841,-85.575739,0,0.0,0.0
1904 SANDY COVE DR, KALAMAZOO, MICHIGAN,49048,111100,42.303719,-85.515961,0,0.0,0.0
1028 FERNDALE AVE, KALAMAZOO, MICHIGAN,49001,64800,42.254674,-85.568222,0,0.0,0.0
1113 LANE BLVD, KALAMAZOO, MICHIGAN,49001,17300,42.272447,-85.566415,0,0.0,0.0
3114 VIRGINIA AVE, KALAMAZOO, MICHIGAN,49004,43400,42.322012,-85.559405,0,0.0,0.0
1142 FARGO, KALAMAZOO, MICHIGAN,49004,25700,42.315863,-85.565613,0,0.0,0.0
2141 AMHERST AVE, KALAMAZOO, MICHIGAN,49008,32800,42.257509,-85.614819,0,0.0,0.0
2000 BARNEY RD, KALAMAZOO, MICHIGAN,49004,52000,42.318104,-85.613628,0,0.0,0.0
1027 SHERWOOD AVE, KALAMAZOO, MICHIGAN,49048,17100,42.297308,-85.568225,0,0.0,0.0
3315 BROOKFIELD, KALAMAZOO, MICHIGAN,49048,16600,42.279717,-85.539011,0,0.0,0.0
2516 CORLOT ST, KALAMAZOO, MICHIGAN,49004,37300,42.329517,-85.549215,0,0.0,0.0
5225 FORDHAM, KALAMAZOO, MICHIGAN,49048,41100,42.309609,-85.527021,0,0.0,0.0
2924 ALAMO AVE, KALAMAZOO, MICHIGAN,49006,30000,42.307209,-85.625243,0,0.0,0.0
909 EDISON ST, KALAMAZOO, MICHIGAN,49004,23600,42.33017,-85.596555,0,0.0,0.0
5381 THAYER AVE, KALAMAZOO, MICHIGAN,49004,60699,42.337953,-85.558431,0,0.0,0.0
3516 LOWDEN ST, KALAMAZOO, MICHIGAN,49008,23400,42.257528,-85.625945,0,0.0,0.0
1517 PORTAGE ST, KALAMAZOO, MICHIGAN,49001,0,42.276275,-85.570173,0,0.0,0.0
1006 LANE BLVD, KALAMAZOO, MICHIGAN,49001,13400,42.272164,-85.567715,0,0.0,0.0
35382 22ND, KALAMAZOO, MICHIGAN,49009,28700,42.294298,-85.766083,0,0.0,0.0
3606 STEWART DRIVE, KALAMAZOO, MICHIGAN,49048,31000,42.276384,-85.536777,0,0.0,0.0
2233 FLOWER STREET, KALAMAZOO, MICHIGAN,49001,0,42.268755,-85.568595,0,0.0,0.0
2023 SCHIPPERS LN., KALAMAZOO, MICHIGAN,49048,21800,42.292041,-85.554998,0,0.0,0.0
6453 TWILIGHT AVENUE, KALAMAZOO, MICHIGAN,49048,58400,42.325693,-85.503466,0,0.0,0.0
2334 EAST MAIN STREET, KALAMAZOO, MICHIGAN,49048,22000,42.302988,-85.550787,0,0.0,0.0
254 EAST D AVENUE, KALAMAZOO, MICHIGAN,49009,190068,42.37639,-85.587732,0,0.0,0.0
1323 BROWNELL STREET, KALAMAZOO, MICHIGAN,49006,41200,42.30374,-85.611067,0,0.0,0.0
508 LAY BOULEVARD, KALAMAZOO, MICHIGAN,49001,15700,42.273074,-85.575103,0,0.0,0.0
5125 LANDS END DRIVE, KALAMAZOO, MICHIGAN,49009,60970,42.334839,-85.620567,0,0.0,0.0
2804 MOUNT OLIVET, KALAMAZOO, MICHIGAN,49004,33800,42.317944,-85.556244,0,0.0,0.0
50 BLANCHE AVENUE, KALAMAZOO, MICHIGAN,49001,26500,42.249267,-85.580698,0,0.0,0.0
3419 SOUTH 9TH STREET, KALAMAZOO, MICHIGAN,49009,48400,42.257851,-85.677367,0,0.0,0.0
7777 STADIUM DRIVE, KALAMAZOO, MICHIGAN,49009,46200,42.253581,-85.704866,0,0.0,0.0
5373 NORTH RIVERVIEW DRIVE, KALAMAZOO, MICHIGAN,49004,32428,42.338161,-85.560146,0,0.0,0.0
6007 CHUBB AVENUE, KALAMAZOO, MICHIGAN,49048,21500,42.289197,-85.511837,0,0.0,0.0
3029 EMERALD DRIVE, KALAMAZOO, MICHIGAN,49001,49000,42.261198,-85.550365,0,0.0,0.0
5665 JOSEPHINE STREET, KALAMAZOO, MICHIGAN,49048,22800,42.289274,-85.518043,0,0.0,0.0
1011 DAYTON, KALAMAZOO, MICHIGAN,49048,19400,42.301433,-85.545337,0,0.0,0.0
6381 EAST JK AVENUE, KALAMAZOO, MICHIGAN,49048,47200,42.295774,-85.504245,0,0.0,0.0
5273 NORTH 20TH STREET, KALAMAZOO, MICHIGAN,49004,2563,42.336791,-85.570574,0,0.0,0.0
1240 JEFFERSON, KALAMAZOO, MICHIGAN,49006,22100,42.296181,-85.601648,0,0.0,0.0
197 HOMER STREET, KALAMAZOO, MICHIGAN,49048,17400,42.286928,-85.490658,0,0.0,0.0
1103 FAIRBANKS AVENUE, KALAMAZOO, MICHIGAN,49048,18300,42.302319,-85.561675,0,0.0,0.0
5467 KEYES DRIVE, KALAMAZOO, MICHIGAN,49004,19758,42.339635,-85.560613,0,0.0,0.0
911 MILLS STREET, KALAMAZOO, MICHIGAN,49001,19700,42.282848,-85.566356,0,0.0,0.0
119 WALL STREET, KALAMAZOO, MICHIGAN,49001,49100,42.281093,-85.583366,0,0.0,0.0
527 WITWER COURT, KALAMAZOO, MICHIGAN,49001,0,42.269116,-85.573702,0,0.0,0.0
6582 CELERY STREET, KALAMAZOO, MICHIGAN,49048,31200,42.280955,-85.500489,0,0.0,0.0
3304 RANDOM, KALAMAZOO, MICHIGAN,49004,28900,42.323444,-85.552463,0,0.0,0.0
127 NORTH 26TH STREET, KALAMAZOO, MICHIGAN,49048,44700,42.289721,-85.510913,0,0.0,0.0
2222 REGENT, KALAMAZOO, MICHIGAN,49004,0,42.314488,-85.566529,0,0.0,0.0
6504 CELERY STREET, KALAMAZOO, MICHIGAN,49048,37700,42.280924,-85.502094,0,0.0,0.0
2417 LINCOLN STREET, KALAMAZOO, MICHIGAN,49048,21300,42.288744,-85.548913,0,0.0,0.0
2517 SONORA, KALAMAZOO, MICHIGAN,49004,25600,42.316168,-85.565116,0,0.0,0.0
5059 SOUTH 9TH STREET, KALAMAZOO, MICHIGAN,49009,1442600,42.244431,-85.677382,0,0.0,0.0
5950 NORTH 20TH STREET, KALAMAZOO, MICHIGAN,49004,30411,42.346535,-85.570284,0,0.0,0.0
654 RIVER STREET, KALAMAZOO, MICHIGAN,49048,136600,42.282571,-85.515329,0,0.0,0.0
3800 EAST CORK STREET, KALAMAZOO, MICHIGAN,49001,1506300,42.262103,-85.532827,0,0.0,0.0
3531 LOWDEN STREET, KALAMAZOO, MICHIGAN,49008,0,42.257359,-85.625575,0,0.0,0.0
923 SOUTH BURDICK STREET, KALAMAZOO, MICHIGAN,49001,79000,42.282216,-85.582775,0,0.0,0.0
527 DENWAY DRIVE, KALAMAZOO, MICHIGAN,49008,31200,42.251792,-85.590666,0,0.0,0.0
3611 EAST KILGORE ROAD, KALAMAZOO, MICHIGAN,49001,136700,42.245109,-85.539347,0,0.0,0.0
2042 LANE BOULEVARD, KALAMAZOO, MICHIGAN,49001,42900,42.272173,-85.555237,0,0.0,0.0
318 CHICAGO AVENUE, KALAMAZOO, MICHIGAN,49048,21500,42.295017,-85.553198,0,0.0,0.0
5934 FRANCIS STREET, KALAMAZOO, MICHIGAN,49048,1700,42.282249,-85.512921,0,0.0,0.0
611 COLLINS STREET, KALAMAZOO, MICHIGAN,49001,16200,42.279788,-85.573456,0,0.0,0.0
325 DARLING STREET, KALAMAZOO, MICHIGAN,49048,18600,42.293836,-85.547135,0,0.0,0.0
1207 HAYS PARK AVENUE, KALAMAZOO, MICHIGAN,49001,13700,42.274917,-85.565265,0,0.0,0.0
1318 HUMPHREY STREET, KALAMAZOO, MICHIGAN,49048,0,42.303083,-85.564248,0,0.0,0.0
1334 NORTH PARK STREET, KALAMAZOO, MICHIGAN,49007,0,42.304258,-85.587457,0,0.0,0.0
549 FENIMORE, KALAMAZOO, MICHIGAN,49048,0,42.296758,-85.554345,0,0.0,0.0
1023 LAY BOULEVARD, KALAMAZOO, MICHIGAN,49001,20700,42.273365,-85.567526,0,0.0,0.0
2128 PORTAGE STREET, KALAMAZOO, MICHIGAN,49001,15700,42.269754,-85.572098,0,0.0,0.0
231 FORESMAN, KALAMAZOO, MICHIGAN,49048,15900,42.293684,-85.561222,0,0.0,0.0
501 FENIMORE AVENUE, KALAMAZOO, MICHIGAN,49048,0,42.295857,-85.554325,0,0.0,0.0
2854 MOUNT OLIVET ROAD, KALAMAZOO, MICHIGAN,49004,33700,42.318247,-85.555829,0,0.0,0.0
1000 WEST D AVENUE, KALAMAZOO, MICHIGAN,49009,86395,42.376654,-85.603843,0,0.0,0.0
1109 WILLIS AVENUE, KALAMAZOO, MICHIGAN,49048,8700,42.280585,-85.547083,0,0.0,0.0
2825 MAPLE AVENUE, KALAMAZOO, MICHIGAN,49048,34000,42.319249,-85.533014,0,0.0,0.0
3925 SOUTH BURDICK, KALAMAZOO, MICHIGAN,49001,45800,42.252474,-85.579665,0,0.0,0.0
2215 WASHINGTON AVENUE, KALAMAZOO, MICHIGAN,49048,19300,42.278826,-85.552289,0,0.0,0.0
916 E STOCKBRIDGE AVENUE, KALAMAZOO, MICHIGAN,49001,7100,42.27734,-85.57183,0,0.0,0.0
1004 FLETCHER AVENUE, KALAMAZOO, MICHIGAN,49006,0,42.301124,-85.620119,0,0.0,0.0
254 E D AVENUE BOX APT 39, KALAMAZOO, MICHIGAN,49009,190068,42.37639,-85.587732,0,0.0,0.0
1517 LANE BOULEVARD, KALAMAZOO, MICHIGAN,49001,19000,42.272447,-85.561476,0,0.0,0.0
1526 UPLAND DRIVE, KALAMAZOO, MICHIGAN,49048,22100,42.306244,-85.541921,0,0.0,0.0
823 Oakland Dr, KALAMAZOO, MICHIGAN,49008,24900,42.283301,-85.598368,0,0.0,0.0
219 DELLA ST, PORTAGE, MICHIGAN,49002,29300,42.223323,-85.588099,0,0.0,0.0
5530 LEXINGTON CIR, PORTAGE, MICHIGAN,49002,51000,42.236722,-85.533895,0,0.0,0.0
205 DAWNLEE, PORTAGE, MICHIGAN,49002,57900,42.234524,-85.588875,0,0.0,0.0
5541 LOVERS LN, PORTAGE, MICHIGAN,49002,42600,42.23627,-85.574351,0,0.0,0.0
8036 LOVERS LANE, PORTAGE, MICHIGAN,49002,44300,42.200468,-85.574797,0,0.0,0.0
7146 LOVERS LANE, PORTAGE, MICHIGAN,49002,37600,42.212912,-85.574779,0,0.0,0.0
2610 STANLEY, PORTAGE, MICHIGAN,49002,50200,42.175363,-85.558133,0,0.0,0.0
1722 QUAKER AVENUE, PORTAGE, MICHIGAN,49024,42900,42.237058,-85.609764,0,0.0,0.0
5530 LEXINGTON CIRCLE, PORTAGE, MICHIGAN,49002,51000,42.236722,-85.533895,0,0.0,0.0
9624 SOUTH SPRINKLE ROAD, PORTAGE, MICHIGAN,49002,35800,42.177631,-85.530688,0,0.0,0.0
5834 CRANSTON STREET, PORTAGE, MICHIGAN,49002,46800,42.232705,-85.535377,0,0.0,0.0
8119 BRUNING STREET, PORTAGE, MICHIGAN,49002,41200,42.198814,-85.57626,0,0.0,0.0
1950 VANDERBILT, PORTAGE, MICHIGAN,49024,65100,42.183013,-85.612006,0,0.0,0.0
3140 EAST KILGORE, PORTAGE, MICHIGAN,49002,316700,42.244846,-85.54179,0,0.0,0.0
8605 NEWELLS LANE, PORTAGE, MICHIGAN,49002,30600,42.192295,-85.569598,0,0.0,0.0
4212 WINTHROP, PORTAGE, MICHIGAN,49002,47700,42.233995,-85.538907,0,0.0,0.0
1025 SHUMWAY AVENUE, PORTAGE, MICHIGAN,49002,46100,42.197057,-85.577612,0,0.0,0.0
1727 PLEASANT DRIVE, PORTAGE, MICHIGAN,49002,53800,42.199497,-85.569402,0,0.0,0.0
8021 OAK STREET BOX APT 2, PORTAGE, MICHIGAN,49024,50100,42.200737,-85.593639,0,0.0,0.0
5328 WISTERIA, PORTAGE, MICHIGAN,49002,48000,42.239816,-85.587885,0,0.0,0.0
1103 SCHURING, PORTAGE, MICHIGAN,49024,8800,42.20812,-85.601717,0,0.0,0.0
302 PORTAGE AVENUE, THREE RIVERS, MICHIGAN,49093,60000,41.94853,-85.632079,0,0.0,0.0
404 FIFTH STREET, THREE RIVERS, MICHIGAN,49093,16100,41.93914,-85.628226,0,0.0,0.0
652 SPRING STREET, THREE RIVERS, MICHIGAN,49093,30700,41.936009,-85.636277,0,0.0,0.0
515 HILL STREET, THREE RIVERS, MICHIGAN,49093,28100,41.935124,-85.638993,0,0.0,0.0
58554 KERR CREEK ROAD, THREE RIVERS, MICHIGAN,49093,52700,41.946546,-85.651379,0,0.0,0.0
810 SOUTH DOUGLAS, THREE RIVERS, MICHIGAN,49093,40400,41.934032,-85.642184,0,0.0,0.0
59823 CONSTANTINE ROAD, THREE RIVERS, MICHIGAN,49093,52900,41.926985,-85.636126,0,0.0,0.0
506 MECHANIC, THREE RIVERS, MICHIGAN,49093,15900,41.938972,-85.627188,0,0.0,0.0
1020 8TH STREET, THREE RIVERS, MICHIGAN,49093,22800,41.93237,-85.624572,0,0.0,0.0
810 8TH STREET, THREE RIVERS, MICHIGAN,49093,31400,41.934292,-85.624606,0,0.0,0.0
416 RIVER STREET, THREE RIVERS, MICHIGAN,49093,34200,41.939903,-85.629451,0,0.0,0.0
301 EAST STREET, THREE RIVERS, MICHIGAN,49093,42200,41.948587,-85.633374,0,0.0,0.0
13708 HOFFMAN ROAD, THREE RIVERS, MICHIGAN,49093,9600,41.968598,-85.70127,0,0.0,0.0
58479 COUNTY LINE RD, THREE RIVERS, MICHIGAN,49093,4000,41.946866,-85.760587,0,0.0,0.0
57901 PATTERSON LANE, THREE RIVERS, MICHIGAN,49093,5000,41.956531,-85.60187,0,0.0,0.0
57947 OAK PARK ROAD, THREE RIVERS, MICHIGAN,49093,35100,41.954066,-85.580862,0,0.0,0.0
1151 WEST PRINCETON AVENUE, FLINT, MICHIGAN,48505,9700,43.08561,-83.699856,0,0.0,0.0
338 ALLENDALE PLACE, FLINT, MICHIGAN,48503,22700,43.012247,-83.726918,1895,1.0,3.0
3249 DAKOTA AVENUE, FLINT, MICHIGAN,48506,12200,43.041719,-83.646498,930,1.0,3.0
1348 W GENESEE AVENUE, FLINT, MICHIGAN,48505,5400,43.082451,-83.70722,0,0.0,0.0
2010 THOM, FLINT, MICHIGAN,48506,0,43.043403,-83.664212,592,1.0,1.0
937 S BALLENGER HIGHWAY, FLINT, MICHIGAN,48532,7800,43.005729,-83.733117,600,1.0,0.0
1025 Darling STREET, FLINT, MICHIGAN,48532,13000,43.003832,-83.73682,1672,1.0,4.0
1425 Waldman AVENUE, FLINT, MICHIGAN,48507,7600,42.98895,-83.699059,789,1.0,2.0
1707 E atherton ROAD, FLINT, MICHIGAN,48507,4500,42.989403,-83.645842,855,1.0,2.0
1726 Missouri Ave, FLINT, MICHIGAN,48506,7400,43.028524,-83.667209,886,1.0,2.0
1514 N Lynch St, FLINT, MICHIGAN,48506,9200,43.030393,-83.659518,1323,1.0,3.0
1905 Kansas Ave, FLINT, MICHIGAN,48506,4000,43.026618,-83.664838,880,1.0,2.0
306 JOHN STREET, STURGIS, MICHIGAN,49091,32000,41.799855,-85.422817,0,0.0,0.0
408 NORTH FOURTH STREET, STURGIS, MICHIGAN,49091,28100,41.805833,-85.414847,0,0.0,0.0
207 EAST HATCH, STURGIS, MICHIGAN,49091,23500,41.803843,-85.415421,0,0.0,0.0
305 JOHN STREET, STURGIS, MICHIGAN,49091,36400,41.799579,-85.422799,0,0.0,0.0
215 ELLERMAN STREET, STURGIS, MICHIGAN,49091,25000,41.806975,-85.423249,0,0.0,0.0
70360 SHIMMEL ROAD, STURGIS, MICHIGAN,49091,55400,41.771854,-85.505776,0,0.0,0.0
70074 CARLS ROAD, STURGIS, MICHIGAN,49091,60700,41.77508,-85.349996,0,0.0,0.0
602 WENZEL STREET, STURGIS, MICHIGAN,49091,23400,41.793943,-85.427213,0,0.0,0.0
207 SOUTH MAPLE STREET, STURGIS, MICHIGAN,49091,7500,41.795253,-85.415905,0,0.0,0.0
700 LANCHASHIRE DRIVE, STURGIS, MICHIGAN,49091,0,41.814597,-85.410194,0,0.0,0.0
427 CENTER STREET, STURGIS, MICHIGAN,49091,18500,41.806983,-85.411564,0,0.0,0.0
70710 CARLS ROAD, STURGIS, MICHIGAN,49091,37400,41.760171,-85.349956,0,0.0,0.0
209 NORTH MAPLE STREET, STURGIS, MICHIGAN,49091,31500,41.801553,-85.417126,0,0.0,0.0
51730 35 1/2 ST, PAW PAW, MICHIGAN,49079,81700,42.231224,-85.893457,0,0.0,0.0
51730 35 1/2 ST, PAW PAW, MICHIGAN,49079,81700,42.231224,-85.893457,0,0.0,0.0
43141 EAGLE LAKE DRIVE, PAW PAW, MICHIGAN,49079,34200,42.166863,-85.96696,0,0.0,0.0
1012 SOUTH LAGRAVE STREET, PAW PAW, MICHIGAN,49079,156200,42.208494,-85.883937,0,0.0,0.0
308 EAST BERRIEN STREET, PAW PAW, MICHIGAN,49079,29500,42.214565,-85.88804,0,0.0,0.0
42238 35TH STREET, PAW PAW, MICHIGAN,49079,14700,42.259926,-85.888529,0,0.0,0.0
38674 PAW PAW ROAD, PAW PAW, MICHIGAN,49079,7900,42.193615,-85.921245,0,0.0,0.0
517 ELM, PAW PAW, MICHIGAN,49079,34000,42.219251,-85.884479,0,0.0,0.0
36715 COUNTY RD 653, PAW PAW, MICHIGAN,49079,47800,42.291643,-85.831314,0,0.0,0.0
1012 S LAGRAVE, PAW PAW, MICHIGAN,49079,156200,42.208494,-85.883937,0,0.0,0.0
33555 56TH AVENUE, PAW PAW, MICHIGAN,49079,24100,42.215203,-85.876353,0,0.0,0.0
46841 ANTHONY STREET, PAW PAW, MICHIGAN,49079,40500,42.250364,-85.860847,0,0.0,0.0
125 EAST WASHINGTON STREET, COLDWATER, MICHIGAN,49036,23800,41.937114,-84.995011,0,0.0,0.0
57 DIVISION STREET, COLDWATER, MICHIGAN,49036,0,41.938316,-85.001246,0,0.0,0.0
647 JONESVILLE ROAD, COLDWATER, MICHIGAN,49036,34800,41.985403,-84.955523,0,0.0,0.0
89 SMITH STREET, COLDWATER, MICHIGAN,49036,29700,41.945072,-84.994323,0,0.0,0.0
382 NORTH FREMONT ROAD, COLDWATER, MICHIGAN,49036,40263,41.937286,-84.93205,0,0.0,0.0
247 EAST WASHINGTON STREET, COLDWATER, MICHIGAN,49036,28350,41.936668,-84.992337,0,0.0,0.0
204 HENRY STREET, COLDWATER, MICHIGAN,49036,14400,41.944427,-85.015013,0,0.0,0.0
156 WEST CLARKE AVENUE, COLDWATER, MICHIGAN,49036,36150,41.951957,-85.00639,0,0.0,0.0
675 JO JO LANE, COLDWATER, MICHIGAN,49036,63698,41.815668,-84.959127,0,0.0,0.0
196 n. angola rd., COLDWATER, MICHIGAN,49036,59100,41.912538,-85.005204,0,0.0,0.0
1007 19TH, OTSEGO, MICHIGAN,49078,65200,42.494459,-85.730299,1352,2.0,3.0
349 S. 16TH, OTSEGO, MICHIGAN,49078,109300,42.446964,-85.700354,2296,4.0,5.0
1866 116TH, OTSEGO, MICHIGAN,49078,43800,42.536914,-85.727904,1344,1.0,0.0
460 21ST, OTSEGO, MICHIGAN,49078,84600,42.453499,-85.737459,1400,2.0,3.0
538 EAST HAMMOND STREET, OTSEGO, MICHIGAN,49078,49700,42.454082,-85.688454,2339,2.0,0.0
347 LINCOLN STREET, OTSEGO, MICHIGAN,49078,37200,42.455962,-85.70362,975,1.0,2.0
337 LINCOLN STREET, OTSEGO, MICHIGAN,49078,28300,42.45596,-85.703233,1186,1.0,3.0
305 RIVERVIEW DR, PLAINWELL, MICHIGAN,49080,51900,42.427507,-85.586868,1344,2.0,0.0
305 RIVERVIEW DR, PLAINWELL, MICHIGAN,49080,51900,42.427507,-85.586868,1344,2.0,0.0
305 RIVERVIEW DR, PLAINWELL, MICHIGAN,49080,51900,42.427507,-85.586868,1344,2.0,0.0
1044 MARSH ROAD, PLAINWELL, MICHIGAN,49080,45700,42.49852,-85.556467,1040,1.0,2.0
497 RIVERVIEW, PLAINWELL, MICHIGAN,49080,29500,42.43014,-85.595094,1380,1.0,0.0
674 WEST BRIDGE STREET, PLAINWELL, MICHIGAN,49080,54500,42.442837,-85.654852,1476,1.0,3.0
11321 9 MILE ROAD, PLAINWELL, MICHIGAN,49080,50600,42.549505,-85.509515,1792,3.0,0.0
11321 9 MILE ROAD, PLAINWELL, MICHIGAN,49080,50600,42.549505,-85.509515,1792,3.0,0.0
7077 WILLIAMS ROAD, LANSING, MICHIGAN,48911,80700,42.670519,-84.622932,0,0.0,0.0
2011 CLIFTON AVENUE, LANSING, MICHIGAN,48910,46400,42.710574,-84.532683,1377,1.0,0.0
815 EDISON AVENUE, LANSING, MICHIGAN,48910,22500,42.707777,-84.541209,807,1.0,0.0
721 LESLIE STREET, LANSING, MICHIGAN,48912,0,42.726379,-84.524751,790,1.0,0.0
510 WOODROW, LANSING, MICHIGAN,48910,26000,42.710093,-84.547468,748,1.0,0.0
1224 CLARK STREET, LANSING, MICHIGAN,48906,18300,42.747339,-84.531771,745,1.0,0.0
412 PINEWOOD STREET, LANSING, MICHIGAN,48910,23400,42.68774,-84.557121,936,1.0,0.0
524 CORUNNA AVENUE, OWOSSO, MICHIGAN,48867,19400,42.990849,-84.162686,0,0.0,0.0
1836 KILBOURN AVE, OWOSSO, MICHIGAN,48867,52600,42.988641,-84.145908,0,0.0,0.0
1200 PENBROOK DRIVE, OWOSSO, MICHIGAN,48867,1772900,42.980017,-84.190055,0,0.0,0.0
6110 MCBRIDE ROAD, OWOSSO, MICHIGAN,48867,11100,43.006549,-84.286309,0,0.0,0.0
915 FLETCHER STREET, OWOSSO, MICHIGAN,48867,41700,42.992227,-84.183168,0,0.0,0.0
425 HAMBLIN STREET, OWOSSO, MICHIGAN,48867,3500,42.992516,-84.16397,0,0.0,0.0
906 S SAGINAW STREET, OWOSSO, MICHIGAN,48867,22200,42.986825,-84.168524,0,0.0,0.0
15649 SOUTH 29TH STREET, VICKSBURG, MICHIGAN,49097,75400,42.087882,-85.479655,0,0.0,0.0
12937 BAYVIEW DRIVE, VICKSBURG, MICHIGAN,49097,85900,42.1302,-85.536862,0,0.0,0.0
12100 WEST INDIAN LAKE DRIVE, VICKSBURG, MICHIGAN,49097,5400,42.142054,-85.503205,0,0.0,0.0
13164 SOUTH 42ND STREET, VICKSBURG, MICHIGAN,49097,33700,42.128392,-85.353164,0,0.0,0.0
12900 SOUTH 39TH STREET, VICKSBURG, MICHIGAN,49097,33200,42.130928,-85.382726,0,0.0,0.0
712 PARK AVENUE, VICKSBURG, MICHIGAN,49097,67600,42.111503,-85.536543,0,0.0,0.0
54018 M 51 N, DOWAGIAC, MICHIGAN,49047,61100,42.016869,-86.107699,0,0.0,0.0
206 THIRD AVENUE, DOWAGIAC, MICHIGAN,49047,13500,41.974217,-86.109999,0,0.0,0.0
206 OAK STREET BOX APT A, DOWAGIAC, MICHIGAN,49047,37800,41.985705,-86.105811,0,0.0,0.0
318 E Division STREET, DOWAGIAC, MICHIGAN,49047,25200,41.983571,-86.101058,0,0.0,0.0
552 NORTH 30TH STREET, GALESBURG, MICHIGAN,49053,41600,42.292772,-85.472827,0,0.0,0.0
336 EAST MICHIGAN, GALESBURG, MICHIGAN,49053,31800,42.288809,-85.41133,0,0.0,0.0
13362 EAST L AVENUE, GALESBURG, MICHIGAN,49053,24500,42.274506,-85.368616,0,0.0,0.0
3053 BASELINE ROAD, GOBLES, MICHIGAN,49055,30500,42.420246,-85.866507,576,1.0,2.0
36153 6TH AVE, GOBLES, MICHIGAN,49055,12200,42.397066,-85.90035,0,0.0,0.0
29932 COUNTY ROAD 388, GOBLES, MICHIGAN,49055,21900,42.361335,-85.842476,0,0.0,0.0
13622 CR 653, GOBLES, MICHIGAN,49055,33200,42.368678,-85.819741,0,0.0,0.0
34162 HOMEWOOD DR, GOBLES, MICHIGAN,49055,23100,42.3436,-85.879207,0,0.0,0.0
25113 12TH AVENUE, GOBLES, MICHIGAN,49055,101400,42.374021,-85.794175,0,0.0,0.0
16308 27TH STREET, GOBLES, MICHIGAN,49055,34900,42.360908,-85.814269,0,0.0,0.0
13446 32ND STREET, GOBLES, MICHIGAN,49055,37900,42.369496,-85.862858,0,0.0,0.0
30251 10TH AVENUE, GOBLES, MICHIGAN,49055,113500,42.38286,-85.83416,0,0.0,0.0
60854 61ST AVE, HARTFORD, MICHIGAN,49057,16300,42.194296,-86.141645,0,0.0,0.0
118 MICHIGAN, HARTFORD, MICHIGAN,49057,0,42.208038,-86.169824,0,0.0,0.0
69691 RED ARROW HIGHWAY, HARTFORD, MICHIGAN,49057,36000,42.197679,-86.215705,0,0.0,0.0
55214 COUNTRY ROAD 687, HARTFORD, MICHIGAN,49057,52500,42.219549,-86.167015,0,0.0,0.0
109 FRANKLIN STREET, HARTFORD, MICHIGAN,49057,25000,42.204658,-86.169708,0,0.0,0.0
127 MICHIGAN AVENUE, HARTFORD, MICHIGAN,49057,25300,42.20831,-86.17025,0,0.0,0.0
59642 60TH STREET, HARTFORD, MICHIGAN,49057,46300,42.209888,-86.128355,0,0.0,0.0
302 SPAULDING STREET, HARTFORD, MICHIGAN,49057,23700,42.203918,-86.161965,0,0.0,0.0
59810 65TH STREET, HARTFORD, MICHIGAN,49057,32200,42.203706,-86.177682,0,0.0,0.0
40 MARION AVENUE, HARTFORD, MICHIGAN,49057,37200,42.206941,-86.174161,0,0.0,0.0
62064 66TH AVENUE, HARTFORD, MICHIGAN,49057,29600,42.178848,-86.148191,0,0.0,0.0
322 ELMWOOD STREET, HARTFORD, MICHIGAN,49057,14600,42.202651,-86.172168,0,0.0,0.0
65645 GRIDLEY ROAD, HARTFORD, MICHIGAN,49057,27000,42.204443,-86.183295,0,0.0,0.0
402 WEST STODDARD STREET, CHARLOTTE, MICHIGAN,48813,29335,42.566697,-84.8399,0,0.0,0.0
3338 CARLISLE HIGHWAY, CHARLOTTE, MICHIGAN,48813,45246,42.553697,-84.902029,0,0.0,0.0
4208 SOUTH STINE ROAD, CHARLOTTE, MICHIGAN,48813,29546,42.502103,-84.89533,0,0.0,0.0
228 VAN LIEU STREET, CHARLOTTE, MICHIGAN,48813,21877,42.562792,-84.850066,0,0.0,0.0
221 WEST HENRY STREET, CHARLOTTE, MICHIGAN,48813,23932,42.558474,-84.838094,0,0.0,0.0
437 N SHELDON STREET, CHARLOTTE, MICHIGAN,48813,33835,42.569477,-84.838716,0,0.0,0.0
633 Prairie STREET, CHARLOTTE, MICHIGAN,48813,21092,42.554305,-84.8296,0,0.0,0.0
211 E HENRY STREET, CHARLOTTE, MICHIGAN,48813,34772,42.558757,-84.834773,0,0.0,0.0
107 NORTH JOHN STREET, DECATUR, MICHIGAN,49045,32300,42.107336,-85.979454,0,0.0,0.0
311 HILL STREET, DECATUR, MICHIGAN,49045,32600,42.108714,-85.981213,0,0.0,0.0
304 PINE STREET, DECATUR, MICHIGAN,49045,22100,42.10992,-85.982297,0,0.0,0.0
39563 BURGESS ROAD, DECATUR, MICHIGAN,49045,39200,42.128399,-85.930609,0,0.0,0.0
80545 39TH STREET, DECATUR, MICHIGAN,49045,16900,42.120726,-85.926003,0,0.0,0.0
37555 82ND AVENUE, DECATUR, MICHIGAN,49045,27400,42.120035,-85.912148,0,0.0,0.0
410 PAW PAW STREET, DECATUR, MICHIGAN,49045,12000,42.110426,-85.96548,0,0.0,0.0
305 S PHELPS STREET, DECATUR, MICHIGAN,49045,20600,42.10569,-85.971337,0,0.0,0.0
604 S george STREET, DECATUR, MICHIGAN,49045,13000,42.104291,-85.966574,0,0.0,0.0
50550 County Road 352, DECATUR, MICHIGAN,49045,42800,42.126124,-86.037113,0,0.0,0.0
216 W Sherwood St, DECATUR, MICHIGAN,49045,37400,42.105905,-85.977398,0,0.0,0.0
2940 LAWRENCE RD, HASTINGS, MICHIGAN,49058,30700,42.565879,-85.238323,1650,1.0,0.0
1295 STARR SCHOOL RD, HASTINGS, MICHIGAN,49058,14100,42.638721,-85.270667,0,0.0,0.0
420 EAST MADISON STREET, HASTINGS, MICHIGAN,49058,54100,42.642203,-85.281884,1008,1.0,3.0
1607 EAST DOWLING ROAD, HASTINGS, MICHIGAN,49058,20700,42.522537,-85.254894,903,1.0,0.0
1966 YECKLEY ROAD, HASTINGS, MICHIGAN,49058,33400,42.63143,-85.328052,1568,2.0,3.0
317 EAST STATE STREET, HASTINGS, MICHIGAN,49058,0,42.648665,-85.283293,0,0.0,0.0
602 EAST GREEN STREET, HASTINGS, MICHIGAN,49058,33600,42.645843,-85.280136,1320,1.0,3.0
210 NORTH PARK STREET, HASTINGS, MICHIGAN,49058,42300,42.649726,-85.292339,1292,2.0,2.0
317 EAST BOND STREET, HASTINGS, MICHIGAN,49058,36300,42.643382,-85.283487,1260,2.0,2.0
33410 88TH AVE, LAWTON, MICHIGAN,49065,261700,42.098536,-85.873884,0,0.0,0.0
31374 64TH AVE, LAWTON, MICHIGAN,49065,51100,42.18629,-85.856144,0,0.0,0.0
75910 MARIE DRIVE, LAWTON, MICHIGAN,49065,18800,42.142269,-85.777768,0,0.0,0.0
66522 32ND STREET, LAWTON, MICHIGAN,49065,56600,42.177238,-85.862045,0,0.0,0.0
66060 29TH STREET, LAWTON, MICHIGAN,49065,58000,42.177857,-85.83047,0,0.0,0.0
31235 62ND AVENUE, LAWTON, MICHIGAN,49065,69200,42.193291,-85.85604,0,0.0,0.0
210 Morrill STREET, LAWTON, MICHIGAN,49065,171100,42.161985,-85.843021,0,0.0,0.0
603 E 2nd St, LAWTON, MICHIGAN,49065,41400,42.168978,-85.843451,0,0.0,0.0
1010 FERRY STREET, NILES, MICHIGAN,49120,0,41.831551,-86.247787,0,0.0,0.0
1027 HERBERT, NILES, MICHIGAN,49120,24700,41.818068,-86.227939,0,0.0,0.0
902 OAK STREET, NILES, MICHIGAN,49120,25200,41.826743,-86.249151,0,0.0,0.0
904 SYCAMORE STREET, NILES, MICHIGAN,49120,30400,41.830645,-86.249138,0,0.0,0.0
1610 N 5TH STREET, NILES, MICHIGAN,49120,19200,41.842728,-86.25147,0,0.0,0.0
1610 N 5TH STREET, NILES, MICHIGAN,49120,19200,41.842728,-86.25147,0,0.0,0.0
3156 DETROIT ROAD, NILES, MICHIGAN,49120,54052,41.855664,-86.128864,0,0.0,0.0
61001 INDIAN LAKE ROAD, NILES, MICHIGAN,49120,27600,41.913227,-86.20907,0,0.0,0.0
29112 FOLLMER STREET, NILES, MICHIGAN,49120,18800,41.796981,-86.131327,0,0.0,0.0
6491 LINDSEY RD, DELTON, MICHIGAN,49046,46600,42.561539,-85.504765,1568,2.0,0.0
10995 SHELP LAKE DR, DELTON, MICHIGAN,49046,40100,42.508046,-85.504727,832,2.0,0.0
6305 TIGER LILY DR, DELTON, MICHIGAN,49046,33200,42.560479,-85.488268,1560,2.0,0.0
11922 COBB ROAD, DELTON, MICHIGAN,49046,12600,42.472322,-85.342386,0,0.0,0.0
7757 GUERNSEY LAKE ROAD, DELTON, MICHIGAN,49046,58400,42.544684,-85.446686,2052,2.0,3.0
6425 KELLER ROAD, DELTON, MICHIGAN,49046,61700,42.559186,-85.416784,1568,2.0,3.0
4067 SOUTH SHORE DRIVE, DELTON, MICHIGAN,49046,38900,42.555745,-85.368937,720,1.0,2.0
11492 SPRAGUE ROAD, DELTON, MICHIGAN,49046,42900,42.48782,-85.417844,924,2.0,3.0
68592 MANN ROAD, WHITE PIGEON, MICHIGAN,49099,19400,41.803509,-85.740187,0,0.0,0.0
68571 MANN ROAD, WHITE PIGEON, MICHIGAN,49099,80600,41.802948,-85.740558,0,0.0,0.0
15730 INDIAN PRAIRIE ROAD, WHITE PIGEON, MICHIGAN,49099,42400,41.780093,-85.648437,0,0.0,0.0
67960 CROOKED CREEK ROAD, WHITE PIGEON, MICHIGAN,49099,14700,41.812889,-85.548851,0,0.0,0.0
67960 CROOKED CREEK ROAD, WHITE PIGEON, MICHIGAN,49099,14700,41.812889,-85.548851,0,0.0,0.0
306 SOUTH ELKHART STREET, WHITE PIGEON, MICHIGAN,49099,31100,41.794625,-85.647855,0,0.0,0.0
92 EAST 21ST STREET LOWER, HOLLAND, MICHIGAN,49423,51800,42.778371,-86.102944,1385,2.0,4.0
232 EAST 13TH STREET UPPER, HOLLAND, MICHIGAN,49423,37700,42.785678,-86.096671,1171,2.0,4.0
56 WEST 16TH STREET, HOLLAND, MICHIGAN,49423,48700,42.782846,-86.111093,1694,2.0,3.0
478 GARY AVE, BENTON HARBOR, MICHIGAN,49022,31100,42.080192,-86.463762,0,0.0,0.0
3398 RIVERSIDE ROAD, BENTON HARBOR, MICHIGAN,49022,55300,42.173424,-86.388423,0,0.0,0.0
438 MILLBURG DRIVE, BENTON HARBOR, MICHIGAN,49022,11000,42.114457,-86.336327,0,0.0,0.0
4739 NORTH STREET, BENTON HARBOR, MICHIGAN,49022,34700,42.123815,-86.342768,0,0.0,0.0
2390 EAST EUCLID AVENUE, BENTON HARBOR, MICHIGAN,49022,56900,42.144778,-86.405979,0,0.0,0.0
846 N BENTON CENTER ROAD, BENTON HARBOR, MICHIGAN,49022,53400,42.129396,-86.378835,0,0.0,0.0
10473 NORTH RIVER ROAD, CONSTANTINE, MICHIGAN,49042,120400,41.815841,-85.743145,0,0.0,0.0
14310 STEARS ROAD, CONSTANTINE, MICHIGAN,49042,36200,41.823648,-85.670528,0,0.0,0.0
14310 STEARS ROAD, CONSTANTINE, MICHIGAN,49042,36200,41.823648,-85.670528,0,0.0,0.0
13029 RIVERSIDE DRIVE, CONSTANTINE, MICHIGAN,49042,21300,41.817574,-85.701452,0,0.0,0.0
273 WEST SOUTHERN ROAD, BRONSON, MICHIGAN,49028,17000,41.781845,-85.095022,0,0.0,0.0
1167 HOLLOW ROAD, BRONSON, MICHIGAN,49028,11126,41.867214,-85.267117,0,0.0,0.0
529 WEST CHICAGO ROAD, BRONSON, MICHIGAN,49028,126400,41.897129,-85.140235,0,0.0,0.0
602 SOUTH PARHAM ROAD, BRONSON, MICHIGAN,49028,142700,41.815399,-85.165124,0,0.0,0.0
438 NORTH WALKER STREET, BRONSON, MICHIGAN,49028,14000,41.87535,-85.196346,0,0.0,0.0
1163 HOLLOW ROAD, BRONSON, MICHIGAN,49028,10346,41.867294,-85.26773,0,0.0,0.0
393 EAST MAIN STREET, MARCELLUS, MICHIGAN,49067,21200,42.027077,-85.810247,0,0.0,0.0
50346 SHELDON CREEK ROAD, MARCELLUS, MICHIGAN,49067,74900,42.059591,-85.777532,0,0.0,0.0
19175 CHURCH STREET, MARCELLUS, MICHIGAN,49067,6300,42.012243,-85.916097,0,0.0,0.0
53286 DAY ROAD, MARCELLUS, MICHIGAN,49067,73200,42.01295,-85.741926,0,0.0,0.0
27802 County Road 364, MATTAWAN, MICHIGAN,49071,57600,42.208083,-85.821809,0,0.0,0.0
25350 60TH AVENUE, MATTAWAN, MICHIGAN,49071,52100,42.200747,-85.797019,0,0.0,0.0
22327 WOODHENGE DRIVE, MATTAWAN, MICHIGAN,49071,83500,42.243883,-85.767437,0,0.0,0.0
19866 CHAIN LAKE ST, CASSOPOLIS, MICHIGAN,49031,18800,41.861251,-85.950958,0,0.0,0.0
5632 JILL ANNE DRIVE, COLOMA, MICHIGAN,49038,81500,42.173634,-86.321913,0,0.0,0.0
4241 EAST THAR ROAD, COLOMA, MICHIGAN,49038,86900,42.200532,-86.357436,0,0.0,0.0
5949 NORTH COLOMA ROAD, COLOMA, MICHIGAN,49038,50300,42.220062,-86.301132,0,0.0,0.0
68782 CLAIRE STREET, EDWARDSBURG, MICHIGAN,49112,47100,41.797738,-86.092315,0,0.0,0.0
27532 MAY STREET, EDWARDSBURG, MICHIGAN,49112,43800,41.782216,-86.099773,0,0.0,0.0
26967 US 12, EDWARDSBURG, MICHIGAN,49112,30800,41.797422,-86.087272,0,0.0,0.0
1711 EAST READING ROAD, HILLSDALE, MICHIGAN,49242,13600,41.839837,-84.618761,840,1.0,0.0
1100 LILAC ROAD, HILLSDALE, MICHIGAN,49242,20000,41.822337,-84.633342,1152,2.0,3.0
138 MARION STREET, HILLSDALE, MICHIGAN,49242,13500,41.923796,-84.617299,975,1.0,3.0
721 WEST SUPERIOR STREET, MUNISING, MICHIGAN,49862,20300,46.415029,-86.663906,0,0.0,0.0
3940 24TH STREET, DORR, MICHIGAN,49323,60500,42.706712,-85.781157,870,1.0,3.0
2346 54TH STREET, FENNVILLE, MICHIGAN,49408,16800,42.590436,-86.075588,533,1.0,0.0
1713 51ST STREET, FENNVILLE, MICHIGAN,49408,29300,42.544235,-86.043796,1795,2.0,3.0
5575 113TH AVENUE, FENNVILLE, MICHIGAN,49408,11200,42.513916,-86.089236,541,1.0,0.0
1473 BIG LAKE DRIVE, HOPKINS, MICHIGAN,49328,18700,42.561662,-85.690461,728,1.0,2.0
545 55TH STREET, PULLMAN, MICHIGAN,49450,17100,42.458664,-86.080294,1224,2.0,4.0
187 66TH STREET, SOUTH HAVEN, MICHIGAN,49090,25100,42.429244,-86.188395,1612,2.0,3.0
3539 7TH STREET, WAYLAND, MICHIGAN,49348,90300,42.67659,-85.613736,1300,2.0,0.0
3607 GARDEN STREET, WAYLAND, MICHIGAN,49348,48200,42.681789,-85.647009,1728,2.0,4.0
1123 129th Ave, WAYLAND, MICHIGAN,49348,0,42.630527,-85.65517,0,0.0,0.0
1205 W washington AVENUE, ALPENA, MICHIGAN,49707,22400,45.059592,-83.45867,0,0.0,0.0
2255 Long Lake Park Rd, ALPENA, MICHIGAN,49707,55500,45.196523,-83.437791,0,0.0,0.0
724 S 8th Ave, ALPENA, MICHIGAN,49707,24000,45.063589,-83.447547,0,0.0,0.0
2249 2nd STREET, LACHINE, MICHIGAN,49753,12400,45.077032,-83.719151,0,0.0,0.0
9548 Piper Rd, OSSINEKE, MICHIGAN,49766,21300,44.935573,-83.448206,0,0.0,0.0
8020 DAY ROAD, BELLEVUE, MICHIGAN,49021,22000,42.438173,-85.131038,864,1.0,0.0
8558 GURD RD, DOWLING, MICHIGAN,49050,52800,42.523466,-85.317918,1344,2.0,3.0
409 LENTZ STREET, NASHVILLE, MICHIGAN,49073,19600,42.606212,-85.086279,778,1.0,1.0
844 SHERMAN, NASHVILLE, MICHIGAN,49073,22900,42.603323,-85.080494,1240,1.0,4.0
11545 W KINSEL HIGHWAY, NASHVILLE, MICHIGAN,49073,22300,42.596201,-85.064525,0,0.0,0.0
6583 BOULTER RD, SHELBYVILLE, MICHIGAN,49344,33100,42.558561,-85.518898,1248,2.0,3.0
4268 WEST JOY ROAD, SHELBYVILLE, MICHIGAN,49344,114500,42.591399,-85.539973,864,1.0,0.0
4059 DAYBROOK DRIVE, BAY CITY, MICHIGAN,48706,37900,43.62172,-83.919682,0,0.0,0.0
9240 JERICHO RD, BRIDGMAN, MICHIGAN,49106,63900,41.95096,-86.533597,0,0.0,0.0
2980 OAK FOREST ROAD, BUCHANAN, MICHIGAN,49107,71300,41.76744,-86.387342,0,0.0,0.0
406 WEST ROE STREET, BUCHANAN, MICHIGAN,49107,18900,41.826054,-86.3705,0,0.0,0.0
1005 VICTORY STREET, BUCHANAN, MICHIGAN,49107,5600,41.837842,-86.355534,0,0.0,0.0
6220 APPLE STREET, EAU CLAIRE, MICHIGAN,49111,16500,41.986367,-86.306553,0,0.0,0.0
5582 TOUSLEY DRIVE, EAU CLAIRE, MICHIGAN,49111,7000,42.077007,-86.322358,0,0.0,0.0
7076 BEAVER DRIVE, EAU CLAIRE, MICHIGAN,49111,30100,41.986963,-86.302584,0,0.0,0.0
819 HIGHLAND AVENUE, SAINT JOSEPH, MICHIGAN,49085,58000,42.085478,-86.483432,0,0.0,0.0
604 WEST JOHN BEERS ROAD, STEVENSVILLE, MICHIGAN,49127,1288300,42.014393,-86.46739,0,0.0,0.0
938 HEIGHTS DRIVE, COLON, MICHIGAN,49040,5950,42.011579,-85.280003,0,0.0,0.0
1057 PAUL RD, MONTGOMERY, MICHIGAN,49255,20309,41.781681,-84.872661,0,0.0,0.0
202 SOUTH MAIN STREET, MONTGOMERY, MICHIGAN,49255,13840,41.775239,-84.804054,1002,1.0,0.0
1045 GROVE RD, QUINCY, MICHIGAN,49082,22601,41.834057,-84.871961,0,0.0,0.0
2580 PIERCE ROAD, QUINCY, MICHIGAN,49082,25000,41.885339,-84.816143,1578,1.0,0.0
563 SOUTH RAY QUINCY ROAD, QUINCY, MICHIGAN,49082,33426,41.825622,-84.883366,0,0.0,0.0
1004 ANNIN ROAD, QUINCY, MICHIGAN,49082,18517,42.036705,-84.880265,0,0.0,0.0
363 CHIPPEWA CIRCLE, SHERWOOD, MICHIGAN,49089,10650,42.053893,-85.258018,0,0.0,0.0
849 VOGEL DRIVE, SHERWOOD, MICHIGAN,49089,18200,42.010244,-85.256639,0,0.0,0.0
2015 TACOMA DR, UNION CITY, MICHIGAN,49094,8600,42.043008,-85.189809,0,0.0,0.0
213 CREEK ROAD, UNION CITY, MICHIGAN,49094,34600,42.013308,-85.08214,0,0.0,0.0
834 IRWIN AVENUE, ALBION, MICHIGAN,49224,26500,42.237131,-84.771565,0,0.0,0.0
1977 S DR S, FULTON, MICHIGAN,49052,65600,42.111895,-85.257984,0,0.0,0.0
315 WEST EVERETT STREET, HOMER, MICHIGAN,49245,16500,42.144115,-84.812784,0,0.0,0.0
430 S BYRON STREET, HOMER, MICHIGAN,49245,376450,42.142358,-84.802288,0,0.0,0.0
254 REYNOLDS ROAD, SPRINGFIELD, MICHIGAN,49037,62459,42.313747,-85.215711,0,0.0,0.0
221 KIRKWOOD AVENUE, SPRINGFIELD, MICHIGAN,49037,0,42.313092,-85.227788,0,0.0,0.0
2229 19 1/2 MILE RD, TEKONSHA, MICHIGAN,49092,6000,42.102371,-84.909694,0,0.0,0.0
1169 MARSHALL ROAD, TEKONSHA, MICHIGAN,49092,98350,42.05392,-85.000976,0,0.0,0.0
16340 DUTCH SETTLEMENT STREET, VANDALIA, MICHIGAN,49095,37100,41.983857,-85.885856,0,0.0,0.0
1127 MACKINAW AVENUE, CHEBOYGAN, MICHIGAN,49721,64300,45.655712,-84.488283,0,0.0,0.0
128 EAST 4TH STREET, CLARE, MICHIGAN,48617,22400,43.818887,-84.76797,0,0.0,0.0
2805 HAYES ROAD, HARRISON, MICHIGAN,48625,8900,44.030227,-84.730006,0,0.0,0.0
7486 EAST TOWNLINE LAKE ROAD, HARRISON, MICHIGAN,48625,26800,44.031893,-84.702961,0,0.0,0.0
3007 Lockwood St, HARRISON, MICHIGAN,48625,22600,44.002173,-84.787098,0,0.0,0.0
8085 MCKINLEY AVENUE, LAKE, MICHIGAN,48632,23000,43.866887,-84.989099,0,0.0,0.0
5087 W CENTERLINE ROAD, SAINT JOHNS, MICHIGAN,48879,0,42.943217,-84.623968,1524,2.0,4.0
501 PEWABIC STREET, IRON MOUNTAIN, MICHIGAN,49801,30800,45.827573,-88.054013,0,0.0,0.0
8745 JUSTONIAN WAY, DIMONDALE, MICHIGAN,48821,81400,42.660666,-84.663649,0,0.0,0.0
875 LINDEN STREET, VERMONTVILLE, MICHIGAN,49096,33800,42.617406,-85.028219,0,0.0,0.0
10320 WEST VERMONTVILLE HIGHWAY, VERMONTVILLE, MICHIGAN,49096,117300,42.629411,-85.041091,0,0.0,0.0
1450 WELLS STREET, BURTON, MICHIGAN,48529,10600,42.978613,-83.676153,0,0.0,0.0
2050 E MCLEAN AVENUE, BURTON, MICHIGAN,48529,22200,42.969227,-83.670639,0,0.0,0.0
4153 Columbine AVENUE, BURTON, MICHIGAN,48529,23100,42.970369,-83.665756,0,0.0,0.0
2107 brady AVENUE, BURTON, MICHIGAN,48529,14700,42.965935,-83.66858,0,0.0,0.0
7318 RIVER ROCK, DAVISON, MICHIGAN,48423,94600,43.037366,-83.565716,0,0.0,0.0
6481 Estrelle AVENUE, MOUNT MORRIS, MICHIGAN,48458,20200,43.10247,-83.697016,0,0.0,0.0
4148 W 54TH STREET, MOUNT MORRIS, MICHIGAN,48458,0,43.107879,-83.759675,0,0.0,0.0
6452 LEWIS ROAD, MOUNT MORRIS, MICHIGAN,48458,15600,43.100449,-83.676641,0,0.0,0.0
3942 McCullum Rd, BEAVERTON, MICHIGAN,48612,14900,43.872753,-84.326101,0,0.0,0.0
719 FLORENCE, IRONWOOD, MICHIGAN,49938,0,46.463986,-90.157083,0,0.0,0.0
229 SOUTH MANSFIELD STREET UPPER, IRONWOOD, MICHIGAN,49938,750,46.454093,-90.163662,0,0.0,0.0
114 S MANSFIELD STREET, IRONWOOD, MICHIGAN,49938,12920,46.455819,-90.163277,0,0.0,0.0
804 SOUTH UNION STREET, ERSE TRAVERSE CITY, MICHIGAN,49684,122800,44.754694,-85.623894,2061,2.0,0.0
2421 NORTH ELY HIGHWAY, ALMA, MICHIGAN,48801,36900,43.325786,-84.700701,0,0.0,0.0
221 E SOUTH STREET, ITHACA, MICHIGAN,48847,38800,43.289067,-84.604386,0,0.0,0.0
210 SOUTH LINCOLN STREET, SAINT LOUIS, MICHIGAN,48880,21800,43.405464,-84.601341,0,0.0,0.0
303 DEVON DRIVE, SAINT LOUIS, MICHIGAN,48880,55600,43.405328,-84.622425,0,0.0,0.0
2144 E Mcgregor ROAD, SAINT LOUIS, MICHIGAN,48880,155800,43.429466,-84.565317,0,0.0,0.0
1911 EAST GOOSE LAKE ROAD, JONESVILLE, MICHIGAN,49250,9770,42.071261,-84.615129,784,1.0,2.0
211 LIBERTY STREET, JONESVILLE, MICHIGAN,49250,25170,41.981224,-84.66123,1238,2.0,0.0
2010 E MOSHERVILLE ROAD, JONESVILLE, MICHIGAN,49250,8230,42.067199,-84.61233,980,1.0,0.0
216 West Street, JONESVILLE, MICHIGAN,49250,40850,41.98098,-84.661926,2982,1.0,0.0
7931 GENESEE ROAD, LITCHFIELD, MICHIGAN,49252,24910,41.99992,-84.76615,1620,1.0,3.0
311 N Main St, READING, MICHIGAN,49274,35600,41.84265,-84.747716,2432,2.0,6.0
6275 BEECHER ROAD, OSSEO, MICHIGAN,49266,10800,41.88308,-84.529469,1120,1.0,0.0
2859 Doty Rd, OSSEO, MICHIGAN,49266,9700,41.887691,-84.582686,2120,1.0,0.0
10731 HICKS ROAD, QUINCY, MICHIGAN,49082,52300,41.90507,-84.816936,4304,5.0,0.0
5020 ABBOTT ROAD, READING, MICHIGAN,49274,5400,41.847362,-84.767462,990,1.0,0.0
5451 ABBOTT ROAD, READING, MICHIGAN,49274,49200,41.853658,-84.767122,1176,1.0,0.0
120 ENTERPRISE DRIVE, READING, MICHIGAN,49274,143800,41.844967,-84.739609,8400,0.0,0.0
4202 MERIDIAN, LESLIE, MICHIGAN,49251,69700,42.46319,-84.351538,0,0.0,0.0
5420 BELLEVUE RD, ONONDAGA, MICHIGAN,49264,61000,42.451207,-84.556308,0,0.0,0.0
4775 BALDWIN STREET, ONONDAGA, MICHIGAN,49264,17900,42.442631,-84.561509,0,0.0,0.0
530 MECHANIC ST, STOCKBRIDGE, MICHIGAN,49285,18900,42.452379,-84.187269,0,0.0,0.0
1371 BASELINE RD, STOCKBRIDGE, MICHIGAN,49285,78400,42.424761,-84.302711,0,0.0,0.0
1371 BASELINE ROAD, STOCKBRIDGE, MICHIGAN,49285,78400,42.424761,-84.302711,0,0.0,0.0
305 W elizabeth STREET, STOCKBRIDGE, MICHIGAN,49285,0,42.450073,-84.18247,0,0.0,0.0
956 WOODS ROAD, FENWICK, MICHIGAN,48834,51400,43.075878,-85.05821,1584,1.0,0.0
10651 MCKENNA, HUBBARDSTON, MICHIGAN,48845,5100,43.105337,-84.860673,0,0.0,0.0
5710 STAGE ROAD, IONIA, MICHIGAN,48846,294800,43.074042,-84.995334,1664,1.0,0.0
4726 E BLUE WATER HIGHWAY, IONIA, MICHIGAN,48846,30800,43.001596,-84.978496,912,1.0,0.0
302 W. LINCOLN AVE., IONIA, MICHIGAN,48846,50200,42.987517,-85.067182,2216,2.0,4.0
14034 MAIER DRIVE, LAKE ODESSA, MICHIGAN,48849,68900,42.775372,-85.125673,1012,1.0,2.0
140 NORTH HIGBEE STREET, LYONS, MICHIGAN,48851,19400,42.982453,-84.939531,1548,2.0,4.0
8335 CENTERLINE ROAD, SARANAC, MICHIGAN,48881,17900,42.943776,-85.239327,728,1.0,0.0
9603 EAST COLEMAN ROAD, COLEMAN, MICHIGAN,48618,94600,43.756998,-84.654337,0,0.0,0.0
402 NORTH ARNOLD STREET, MOUNT PLEASANT, MICHIGAN,48858,43800,43.608134,-84.76884,0,0.0,0.0
740 NORTH LEATON ROAD, MOUNT PLEASANT, MICHIGAN,48858,28100,43.651425,-84.707816,0,0.0,0.0
2748 WEATHERWOOD STREET, MOUNT PLEASANT, MICHIGAN,48858,74000,43.599998,-84.809414,0,0.0,0.0
9955 GLENN ROAD, GRASS LAKE, MICHIGAN,49240,65750,42.310183,-84.229169,0,0.0,0.0
7150 KENNEDY RD, MUNITH, MICHIGAN,49259,62600,42.379733,-84.29897,0,0.0,0.0
8533 COON HILL ROAD, MUNITH, MICHIGAN,49259,37100,42.36427,-84.275652,0,0.0,0.0
3003 GARDNER ROAD, PARMA, MICHIGAN,49269,60900,42.276724,-84.551905,0,0.0,0.0
507 KEYES DR, PARCHMENT, MICHIGAN,49004,34100,42.331224,-85.56849,0,0.0,0.0
435 E Cass STREET, SCHOOLCRAFT, MICHIGAN,49087,89600,42.116194,-85.634294,0,0.0,0.0
1354 NORTHEAST HOLLYWOOD STREET, GRAND RAPIDS, MICHIGAN,49505,44900,43.00703,-85.635578,834,1.0,0.0
626 SE CASS AVENUE, GRAND RAPIDS, MICHIGAN,49503,18400,42.951154,-85.662735,1150,1.0,0.0
1502 NE WAKELY STREET, GRAND RAPIDS, MICHIGAN,49505,0,42.99437,-85.631974,1712,2.0,3.0
306 SE RIDGEWOOD STREET, KENTWOOD, MICHIGAN,49548,30500,42.881373,-85.657349,0,0.0,0.0
211 SARATOGA TRAIL, LAPEER, MICHIGAN,48446,69200,43.127573,-83.302348,1092,2.0,3.0
219 SOUTH JACKSON STREET, ADDISON, MICHIGAN,49220,23000,41.984922,-84.345299,1801,4.0,3.0
1661 WEST VALLEY ROAD, ADRIAN, MICHIGAN,49221,52700,41.934186,-84.018394,1344,2.0,2.0
620 NORTH WINTER STREET, ADRIAN, MICHIGAN,49221,27500,41.904378,-84.034355,0,0.0,0.0
1004 NORTH BROAD STREET, ADRIAN, MICHIGAN,49221,24400,41.908877,-84.023486,0,0.0,0.0
1050 PACKARD ROAD, JASPER, MICHIGAN,49248,133300,41.7852,-84.041122,3792,2.0,0.0
1050 PACKARD ROAD, JASPER, MICHIGAN,49248,133300,41.7852,-84.041122,3792,2.0,0.0
4163 ROBB HIGHWAY, PALMYRA, MICHIGAN,49268,56800,41.857297,-83.941286,1509,1.0,2.0
9509 Norconk Road, BEAR LAKE, MICHIGAN,49614,50700,44.450482,-86.074064,0,0.0,0.0
711 RAMSDELL STREET, MANISTEE, MICHIGAN,49660,14900,44.238541,-86.312555,0,0.0,0.0
188 12th St, MANISTEE, MICHIGAN,49660,34100,44.235106,-86.309968,0,0.0,0.0
17132 6th St, WELLSTON, MICHIGAN,49689,18100,44.216848,-85.958409,0,0.0,0.0
213 OAK STREET, ISHPEMING, MICHIGAN,49849,17400,46.493088,-87.671524,1248,1.0,3.0
260 MARBLE STREET, ISHPEMING, MICHIGAN,49849,5500,46.482614,-87.701679,825,1.0,3.0
6967 ABRAHAMSON, LUDINGTON, MICHIGAN,49431,54600,43.981334,-86.454639,0,0.0,0.0
13401 215TH AVENUE, BIG RAPIDS, MICHIGAN,49307,81400,43.661721,-85.513736,0,0.0,0.0
23759 NORTHLAND DRIVE, PARIS, MICHIGAN,49338,52800,43.811948,-85.503049,0,0.0,0.0
4045 NORTH GENEVA ROAD, COLEMAN, MICHIGAN,48618,31000,43.728737,-84.547148,0,0.0,0.0
5898 NORTH STURGEON ROAD, MIDLAND, MICHIGAN,48642,13800,43.78221,-84.266894,0,0.0,0.0
406 E. GROVE ST, MIDLAND, MICHIGAN,48640,34800,43.613674,-84.23823,1365,0.0,0.0
15801 LINCOLN STREET, CORAL, MICHIGAN,49322,4500,43.361063,-85.399198,0,0.0,0.0
8869 EASTERN AVENUE, GREENVILLE, MICHIGAN,48838,26300,43.196961,-85.250977,0,0.0,0.0
315 E Washington St, GREENVILLE, MICHIGAN,48838,32000,43.177308,-85.249211,0,0.0,0.0
8636 OTTAWA TRAIL, HOWARD CITY, MICHIGAN,49329,20400,43.419503,-85.507131,0,0.0,0.0
323 EAST KLEES ROAD, STANTON, MICHIGAN,48888,6700,43.307175,-85.082784,0,0.0,0.0
345 MOON CT, CASNOVIA, MICHIGAN,49318,19500,43.25818,-85.813673,928,1.0,0.0
11639 NICHOLS ROAD, HOLTON, MICHIGAN,49425,17700,43.465879,-86.193438,0,0.0,0.0
10037 Holton-duck Lake Rd, HOLTON, MICHIGAN,49425,19900,43.435074,-86.079442,1020,1.0,0.0
1160 HARVEY, MUSKEGON, MICHIGAN,49442,31200,43.231321,-86.204044,1852,2.0,5.0
1826 RAY, MUSKEGON, MICHIGAN,49442,17400,43.218516,-86.225424,888,1.0,2.0
1239 FLEMING, MUSKEGON, MICHIGAN,49442,24200,43.224767,-86.213446,1362,2.0,4.0
11696 NORTH BINGHAM AVENUE, BITELY, MICHIGAN,49309,6700,43.765451,-85.860115,0,0.0,0.0
6475 EAST 13TH STREET, WHITE CLOUD, MICHIGAN,49349,5500,43.532378,-85.639751,0,0.0,0.0
1388 E. WILCOX AVENUE, WHITE CLOUD, MICHIGAN,49349,36400,43.550317,-85.766699,0,0.0,0.0
803 E Townline Rd, WHITE CLOUD, MICHIGAN,49349,8700,43.546865,-85.778469,0,0.0,0.0
1482 EAST ELZA AVENUE, HAZEL PARK, MICHIGAN,48030,15870,42.451669,-83.089018,998,1.0,3.0
821 NORTH EDGEWORTH AVENUE, ROYAL OAK, MICHIGAN,48067,74160,42.497268,-83.120204,1730,2.0,3.0
440 SOUTH GERBER ROAD, MIO, MICHIGAN,48647,7500,44.665046,-84.147164,0,0.0,0.0
18118 88th Ave., COOPERSVILLE, MICHIGAN,49404,176300,43.100078,-86.006938,0,0.0,0.0
40 NORTH ELM STREET, ZEELAND, MICHIGAN,49464,59500,42.812941,-86.016727,0,0.0,0.0
8553 HERON STREET, ZEELAND, MICHIGAN,49464,7000,42.82837,-85.99345,0,0.0,0.0
121 16TH STREET, PRUDENVILLE, MICHIGAN,48651,35400,44.300089,-84.665202,0,0.0,0.0
12119 ROTTIERS STREET, BIRCH RUN, MICHIGAN,48415,33700,43.249318,-83.788676,960,1.0,2.0
64718 MAPLE LN, PH   BURR OAK, MICHIGAN,49030,5800,41.86095,-85.318654,0,0.0,0.0
64643 MAPLE LANE, PH   BURR OAK, MICHIGAN,49030,9000,41.860275,-85.318286,0,0.0,0.0
21266 MICHIGAN AVE, PH   THREE RIVERS, MICHIGAN,49093,55500,42.042204,-85.543001,0,0.0,0.0
16917 SUNSET LN, PH   THREE RIVERS, MICHIGAN,49093,9900,41.970507,-85.626107,0,0.0,0.0
61436 WOOD LAKE RD, PH   THREE RIVERS, MICHIGAN,49093,28300,41.907372,-85.779804,0,0.0,0.0
51378 PARKVILLE RD, PH   THREE RIVERS, MICHIGAN,49093,8300,42.056726,-85.548282,0,0.0,0.0
10842 RIVERSIDE DR, PH   WHITE PIGEON, MICHIGAN,49099,20900,41.805635,-85.726345,0,0.0,0.0
10259 JOHN STREET, PH   WHITE PIGEON, MICHIGAN,49099,38600,41.798672,-85.754284,0,0.0,0.0
3980 Walker Rd, CARSONVILLE, MICHIGAN,48419,15800,43.383157,-82.669884,0,0.0,0.0
3220 Moore St, MARLETTE, MICHIGAN,48453,45000,43.324911,-83.076121,0,0.0,0.0
105 W John Street, DURAND, MICHIGAN,48429,28930,42.905294,-83.985793,0,0.0,0.0
1274 LELAND ROAD, OVID, MICHIGAN,48866,56700,42.983096,-84.334257,0,0.0,0.0
8418 SPARLING ROAD, GOODELLS, MICHIGAN,48027,54400,42.96828,-82.653713,0,0.0,0.0
5279 GRISWOLD ROAD, KIMBALL, MICHIGAN,48074,45200,42.963659,-82.534027,1288,1.0,0.0
1116 VARNEY STREET, R   PORT HURON, MICHIGAN,48060,2400,42.979274,-82.436534,0,0.0,0.0
2010 FARRAND STREET, R   PORT HURON, MICHIGAN,48060,22600,42.976894,-82.450482,0,0.0,0.0
64643 MAPLE LANE, BURR OAK, MICHIGAN,49030,9000,41.860275,-85.318286,0,0.0,0.0
20126 SOUTH RIVER ROAD, CENTREVILLE, MICHIGAN,49032,8200,41.940217,-85.564108,0,0.0,0.0
708 EAST STATE STREET, COLON, MICHIGAN,49040,21800,41.955805,-85.315303,0,0.0,0.0
54754 OLNEY ROAD, LEONIDAS, MICHIGAN,49066,48300,42.002207,-85.379972,0,0.0,0.0
52022 TONYA DRIVE, MENDON, MICHIGAN,49072,7800,42.039257,-85.511745,0,0.0,0.0
2139 E OHMER, MAYVILLE, MICHIGAN,48744,71200,43.338227,-83.348201,0,0.0,0.0
38872 52 ND ST, BANGOR, MICHIGAN,49013,23400,42.275819,-86.052168,0,0.0,0.0
38872 52ND STREET, BANGOR, MICHIGAN,49013,23400,42.275819,-86.052168,0,0.0,0.0
52911 38TH AVENUE, BANGOR, MICHIGAN,49013,6800,42.279834,-86.059001,0,0.0,0.0
62769 WALNUT STREET, BANGOR, MICHIGAN,49013,1000,42.303233,-86.110533,0,0.0,0.0
29876 61ST STREET, BANGOR, MICHIGAN,49013,28600,42.322385,-86.136071,0,0.0,0.0
44264 24TH AVE, BLOOMINGDALE, MICHIGAN,49026,62600,42.33228,-85.978493,0,0.0,0.0
42426 15TH AVE, BLOOMINGDALE, MICHIGAN,49026,56100,42.364935,-85.961085,0,0.0,0.0
76721 30TH AVE, COVERT, MICHIGAN,49043,36000,42.308323,-86.29171,0,0.0,0.0
49908 18TH AVE, GRAND JUNCTION, MICHIGAN,49056,20900,42.353904,-86.031499,0,0.0,0.0
18444 55TH STREET, GRAND JUNCTION, MICHIGAN,49056,24800,42.351793,-86.082353,0,0.0,0.0
51241 72ND. AVE, LAWRENCE, MICHIGAN,49064,23900,42.157019,-86.0365,0,0.0,0.0
51241 72ND AVENUE, LAWRENCE, MICHIGAN,49064,23900,42.157019,-86.0365,0,0.0,0.0
60920 40TH STREET, PAW    PAW, MICHIGAN,49079,55200,42.199292,-85.93678,0,0.0,0.0
61319 40TH STREET, PAW    PAW, MICHIGAN,49079,57900,42.200734,-85.936441,0,0.0,0.0
29384 COUNTY ROAD 665, PAW    PAW, MICHIGAN,49079,20100,42.311052,-85.956576,0,0.0,0.0
38741 PAW PAW ROAD, PAW    PAW, MICHIGAN,49079,47500,42.193841,-85.920423,0,0.0,0.0
38830 PAW PAW ROAD, PAW    PAW, MICHIGAN,49079,3100,42.194679,-85.919813,0,0.0,0.0
76648 11TH AVE, SOUTH HAVEN, MICHIGAN,49090,1174800,42.377958,-86.285616,0,0.0,0.0
201 73RD STREET, SOUTH HAVEN, MICHIGAN,49090,62200,42.40525,-86.25015,0,0.0,0.0
546 HUMPHREY STREET, SOUTH HAVEN, MICHIGAN,49090,38500,42.393042,-86.27273,0,0.0,0.0
69478 66TH AVENUE, WATERVLIET, MICHIGAN,49098,21200,42.178947,-86.217345,0,0.0,0.0
314 S WASHINGTON STREET, MANCHESTER, MICHIGAN,48158,73650,42.146252,-84.03968,0,0.0,0.0
13340 LINDSLEY ROAD, SALINE, MICHIGAN,48176,144000,42.08993,-83.872216,0,0.0,0.0
9367 WARD STREET, DETROIT, MICHIGAN,48228,6300,42.364685,-83.172954,1368,2.0,0.0
430 JAN MARIE STREET, CADILLAC, MICHIGAN,49601,1400,44.250964,-85.437299,0,0.0,0.0
307 WEST STREET, MANTON, MICHIGAN,49663,26800,44.410897,-85.402854,0,0.0,0.0
