state,county,city,address,date_discovered
MICHIGAN,ALGER,MUNISING,801 PROSPECT STREET 4,1/5/14
MICHIGAN,ALGER,MUNISING,721 WEST SUPERIOR STREET,2/7/14
MICHIGAN,ALLEGAN,ALLEGAN,899 CYPRESS,2/7/04
MICHIGAN,ALLEGAN,ALLEGAN,4359 108TH,2/12/04
MICHIGAN,ALLEGAN,ALLEGAN,3504 BABYLON ROAD,4/8/04
MICHIGAN,ALLEGAN,ALLEGAN,426 RIVER RD,5/20/04
MICHIGAN,ALLEGAN,ALLEGAN,2598 30TH,6/24/04
MICHIGAN,ALLEGAN,ALLEGAN,2744 32ND,7/13/04
MICHIGAN,ALLEGAN,ALLEGAN,4334 110TH,9/6/04
MICHIGAN,ALLEGAN,ALLEGAN,4266 SWAN LAKE DR,10/5/04
MICHIGAN,ALLEGAN,ALLEGAN,95 26TH,10/12/04
MICHIGAN,ALLEGAN,ALLEGAN,1114 44TH ST,11/21/04
MICHIGAN,ALLEGAN,ALLEGAN,586 KAYWOOD,1/18/05
MICHIGAN,ALLEGAN,ALLEGAN,2029 36TH,8/30/05
MICHIGAN,ALLEGAN,ALLEGAN,765 26TH,8/30/05
MICHIGAN,ALLEGAN,ALLEGAN,103 GRANT STREET,9/6/05
MICHIGAN,ALLEGAN,ALLEGAN,2428 38TH,9/6/05
MICHIGAN,ALLEGAN,ALLEGAN,44 WESLER DRIVE,1/24/06
MICHIGAN,ALLEGAN,ALLEGAN,1308 JENNINGS COURT,2/3/06
MICHIGAN,ALLEGAN,ALLEGAN,3173 102ND,8/4/06
MICHIGAN,ALLEGAN,ALLEGAN,132ND AVENUE,4/2/09
MICHIGAN,ALLEGAN,ALLEGAN,189 33RD STREET,5/19/09
MICHIGAN,ALLEGAN,ALLEGAN,2611 BASELINE ROAD,4/16/10
MICHIGAN,ALLEGAN,ALLEGAN,2611 BASELINE ROAD,4/16/10
MICHIGAN,ALLEGAN,ALLEGAN,1206 EAST VILLAGE DRIVE,5/1/10
MICHIGAN,ALLEGAN,ALLEGAN,745 GRAND STREET,5/7/10
MICHIGAN,ALLEGAN,ALLEGAN,3735 ADVENT LAKE ROAD,7/12/10
MICHIGAN,ALLEGAN,ALLEGAN,1835 LINCOLN ROAD,8/24/10
MICHIGAN,ALLEGAN,ALLEGAN,400 NORTH MAIN STREET,11/26/10
MICHIGAN,ALLEGAN,ALLEGAN,2346 33RD STREET,1/20/11
MICHIGAN,ALLEGAN,ALLEGAN,103 GRANT STREET,1/10/12
MICHIGAN,ALLEGAN,ALLEGAN,4353 118TH AVENUE,11/2/12
MICHIGAN,ALLEGAN,ALLEGAN,540 36TH STREET,12/13/12
MICHIGAN,ALLEGAN,ALLEGAN,950 37TH STREET,5/15/13
MICHIGAN,ALLEGAN,ALLEGAN,1248 WELLS ROAD,6/5/13
MICHIGAN,ALLEGAN,ALLEGAN,2323 28TH STREET,6/16/13
MICHIGAN,ALLEGAN,ALLEGAN,2179 NELSON LANE,11/10/13
MICHIGAN,ALLEGAN,ALLEGAN,4009 112TH AVENUE,12/14/13
MICHIGAN,ALLEGAN,ALLEGAN,2933 108TH AVENUE,3/2/14
MICHIGAN,ALLEGAN,ALLEGAN,4117 MONROE ROAD,3/7/14
MICHIGAN,ALLEGAN,ALLEGAN,500 STREETER AVENUE BOX 26,6/24/14
MICHIGAN,ALLEGAN,ALLEGAN,228 JAMES STREET,3/10/15
MICHIGAN,ALLEGAN,ALLEGAN,225 RIVERFRONT DRIVE,3/14/15
MICHIGAN,ALLEGAN,ALLEGAN,2933 108TH AVENUE,7/2/15
MICHIGAN,ALLEGAN,ALLEGAN,4359 108TH AVENUE,9/23/15
MICHIGAN,ALLEGAN,ALLEGAN,215 DONALD DRIVE,10/13/15
MICHIGAN,ALLEGAN,ALLEGAN,215 DONALD DRIVE,10/15/15
MICHIGAN,ALLEGAN,ALLEGAN,1739 39th STREET,3/2/16
MICHIGAN,ALLEGAN,ALLEGAN,2542 106th Ave,8/23/16
MICHIGAN,ALLEGAN,DORR,3940 24TH STREET,7/3/12
MICHIGAN,ALLEGAN,FENNVILLE,2198 BLUESTAR HIGHWAY,9/6/12
MICHIGAN,ALLEGAN,FENNVILLE,2346 54TH STREET,12/23/14
MICHIGAN,ALLEGAN,FENNVILLE,1713 51ST STREET,4/7/15
MICHIGAN,ALLEGAN,FENNVILLE,5575 113TH AVENUE,12/8/15
MICHIGAN,ALLEGAN,GOBLES,131 WESLER DRIVE,4/29/10
MICHIGAN,ALLEGAN,GOBLES,3053 BASELINE ROAD,7/22/11
MICHIGAN,ALLEGAN,HAMILTON,42ND STREET,4/3/09
MICHIGAN,ALLEGAN,HAMILTON,4728 RABBIT RIVER DRIVE BOX 3,2/18/15
MICHIGAN,ALLEGAN,HOLLAND,863 LINCOLN STREET 7,5/23/13
MICHIGAN,ALLEGAN,HOLLAND,287 WEST 40TH STREET B 212,3/3/14
MICHIGAN,ALLEGAN,HOPKINS,1473 BIG LAKE DRIVE,5/5/08
MICHIGAN,ALLEGAN,HOPKINS,402 E Main STREET BOX B3,7/8/16
MICHIGAN,ALLEGAN,HOPKINS,16TH 120TH,4/6/09
MICHIGAN,ALLEGAN,HOPKINS,3681 28TH STREET,7/29/10
MICHIGAN,ALLEGAN,MARTIN,920 118TH,8/27/05
MICHIGAN,ALLEGAN,MARTIN,1912 PLEASANT VIEW,2/12/06
MICHIGAN,ALLEGAN,MARTIN,1200 BLOCK 115TH AVENUE,4/13/09
MICHIGAN,ALLEGAN,MUSKEGON,1266 JAMES STREET,5/20/08
MICHIGAN,ALLEGAN,OTSEGO,30 16TH S,1/19/04
MICHIGAN,ALLEGAN,OTSEGO,399 OAKS CROSSING,5/11/04
MICHIGAN,ALLEGAN,OTSEGO,1007 19TH,8/24/04
MICHIGAN,ALLEGAN,OTSEGO,571 LINCOLN,2/24/05
MICHIGAN,ALLEGAN,OTSEGO,349 S. 16TH,6/29/05
MICHIGAN,ALLEGAN,OTSEGO,424 MORELL,3/3/06
MICHIGAN,ALLEGAN,OTSEGO,1866 116TH,4/28/06
MICHIGAN,ALLEGAN,OTSEGO,325 HERITAGE LANE,7/15/06
MICHIGAN,ALLEGAN,OTSEGO,571 LINCOLN ROAD,8/10/06
MICHIGAN,ALLEGAN,OTSEGO,460 21ST,9/14/06
MICHIGAN,ALLEGAN,OTSEGO,512 LAWRENCE STREET,4/8/08
MICHIGAN,ALLEGAN,OTSEGO,113 SOUTH FAIR STREET,1/30/10
MICHIGAN,ALLEGAN,OTSEGO,538 EAST HAMMOND STREET,4/16/10
MICHIGAN,ALLEGAN,OTSEGO,1362 EAST M89 LOT 103,8/25/10
MICHIGAN,ALLEGAN,OTSEGO,304 EAST HAMMOND STREET #2,1/4/12
MICHIGAN,ALLEGAN,OTSEGO,982 16TH STREET,1/18/12
MICHIGAN,ALLEGAN,OTSEGO,2004 112TH STREET,6/13/12
MICHIGAN,ALLEGAN,OTSEGO,347 LINCOLN STREET,10/4/12
MICHIGAN,ALLEGAN,OTSEGO,1362 M-89 HIGHWAY 112,3/12/14
MICHIGAN,ALLEGAN,OTSEGO,337 LINCOLN STREET,8/19/15
MICHIGAN,ALLEGAN,PLAINWELL,305 RIVERVIEW DR,2/4/04
MICHIGAN,ALLEGAN,PLAINWELL,722 BRITTANY,6/28/04
MICHIGAN,ALLEGAN,PLAINWELL,305 RIVERVIEW DR,9/28/04
MICHIGAN,ALLEGAN,PLAINWELL,15101 BURCHETT RD,10/7/04
MICHIGAN,ALLEGAN,PLAINWELL,12728 BONIFACE PT,12/16/04
MICHIGAN,ALLEGAN,PLAINWELL,305 RIVERVIEW DR,1/4/05
MICHIGAN,ALLEGAN,PLAINWELL,722 BRITTANY ST,5/2/05
MICHIGAN,ALLEGAN,PLAINWELL,982 RICHELIEU,5/2/05
MICHIGAN,ALLEGAN,PLAINWELL,1232 KEITH ST,6/24/05
MICHIGAN,ALLEGAN,PLAINWELL,1044 MARSH ROAD,8/8/05
MICHIGAN,ALLEGAN,PLAINWELL,497 RIVERVIEW,5/20/06
MICHIGAN,ALLEGAN,PLAINWELL,147 SOUTH SHERWOOD STREET,6/8/06
MICHIGAN,ALLEGAN,PLAINWELL,947 RICHELIEU,7/14/08
MICHIGAN,ALLEGAN,PLAINWELL,674 WEST BRIDGE STREET,4/13/10
MICHIGAN,ALLEGAN,PLAINWELL,14895 SOUTH DOSTER ROAD,12/21/14
MICHIGAN,ALLEGAN,PLAINWELL,227 ROBIN STREET,7/29/15
MICHIGAN,ALLEGAN,PULLMAN,5531 104TH ST,5/26/04
MICHIGAN,ALLEGAN,PULLMAN,102ND AVENUE,4/7/09
MICHIGAN,ALLEGAN,PULLMAN,551 56TH STREET,10/9/11
MICHIGAN,ALLEGAN,PULLMAN,963 52 STREET,3/8/14
MICHIGAN,ALLEGAN,PULLMAN,545 55TH STREET,8/11/15
MICHIGAN,ALLEGAN,SHELBYVILLE,122ND AVENUE,4/7/09
MICHIGAN,ALLEGAN,SHELBYVILLE,7TH STREET,4/7/09
MICHIGAN,ALLEGAN,SOUTH HAVEN,187 66TH STREET,8/8/05
MICHIGAN,ALLEGAN,WAYLAND,416 131ST STREET,10/4/06
MICHIGAN,ALLEGAN,WAYLAND,3539 7TH STREET,3/7/11
MICHIGAN,ALLEGAN,WAYLAND,3607 GARDEN STREET,5/2/13
MICHIGAN,ALLEGAN,WAYLAND,13TH ST NEAR 129TH AVE,8/10/15
MICHIGAN,ALLEGAN,WAYLAND,1123 129th Ave,8/18/16
MICHIGAN,ALLEGAN,ALLEGAN,4440 128th Ave.,6/2/16
MICHIGAN,ALPENA,ALPENA,201 SOUTH 12TH AVENUE 1,2/13/14
MICHIGAN,ALPENA,ALPENA,226 E crapo STREET,3/9/16
MICHIGAN,ALPENA,ALPENA,1205 W washington AVENUE,4/22/16
MICHIGAN,ALPENA,ALPENA,2255 Long Lake Park Rd,9/29/16
MICHIGAN,ALPENA,ALPENA,724 S 8th Ave,1/4/17
MICHIGAN,ALPENA,LACHINE,2249 2nd STREET,3/10/16
MICHIGAN,ALPENA,OSSINEKE,9548 Piper Rd,6/8/17
MICHIGAN,BARAGA,L'ANSE,627 N 3rd TERRACE,2/12/16
MICHIGAN,BARRY,[Unspecified],14895 Doster Rd,9/15/16
MICHIGAN,BARRY,BELLEVUE,8020 DAY ROAD,2/20/08
MICHIGAN,BARRY,CLOVERDALE,3231 CLOVERDALE RD,6/9/05
MICHIGAN,BARRY,DELTON,7495 CEDAR CREEK RD,10/23/04
MICHIGAN,BARRY,DELTON,6305 TIGERLILY,7/1/05
MICHIGAN,BARRY,DELTON,6491 LINDSEY RD,7/2/05
MICHIGAN,BARRY,DELTON,10995 SHELP LAKE DR,12/2/05
MICHIGAN,BARRY,DELTON,6305 TIGER LILY DR,12/20/05
MICHIGAN,BARRY,DELTON,11922 COBB ROAD,7/6/10
MICHIGAN,BARRY,DELTON,6642 WREVER LANE,7/6/10
MICHIGAN,BARRY,DELTON,7757 GUERNSEY LAKE ROAD,9/14/10
MICHIGAN,BARRY,DELTON,6425 KELLER ROAD,11/9/11
MICHIGAN,BARRY,DELTON,4067 SOUTH SHORE DRIVE,12/12/14
MICHIGAN,BARRY,DELTON,11492 SPRAGUE ROAD,3/12/15
MICHIGAN,BARRY,DELTON,11175 EAST SHORE ROAD,5/8/15
MICHIGAN,BARRY,DOWLING,8558 GURD RD,4/19/05
MICHIGAN,BARRY,HASTINGS,2940 LAWRENCE RD,11/26/04
MICHIGAN,BARRY,HASTINGS,1295 STARR SCHOOL RD,1/12/05
MICHIGAN,BARRY,HASTINGS,302 THORN E ST,1/29/05
MICHIGAN,BARRY,HASTINGS,3846 SOUTH M-43 HIGHWAY,1/13/11
MICHIGAN,BARRY,HASTINGS,420 EAST MADISON STREET,12/2/11
MICHIGAN,BARRY,HASTINGS,1607 EAST DOWLING ROAD,8/26/12
MICHIGAN,BARRY,HASTINGS,1966 YECKLEY ROAD,4/7/13
MICHIGAN,BARRY,HASTINGS,317 EAST STATE STREET,6/13/13
MICHIGAN,BARRY,HASTINGS,602 EAST GREEN STREET,6/21/13
MICHIGAN,BARRY,HASTINGS,55 SUNDAGO PARK,7/3/13
MICHIGAN,BARRY,HASTINGS,210 NORTH PARK STREET,8/17/13
MICHIGAN,BARRY,HASTINGS,317 EAST BOND STREET,11/20/13
MICHIGAN,BARRY,HASTINGS,403 SOUTH JEFFERSON STREET,12/15/14
MICHIGAN,BARRY,HICKORY CORNERS,15467 RICH LANE,9/17/08
MICHIGAN,BARRY,HICKORY CORNERS,14565 KELLOGG SCHOOL ROAD,7/18/14
MICHIGAN,BARRY,MIDDLEVILLE,MCCANN\IRVING ROAD,8/19/15
MICHIGAN,BARRY,MIDDLEVILLE,201 LINCOLN STREET,1/16/15
MICHIGAN,BARRY,NASHVILLE,107 NORTH MAIN STREET,5/13/11
MICHIGAN,BARRY,NASHVILLE,409 LENTZ STREET,7/6/13
MICHIGAN,BARRY,NASHVILLE,844 SHERMAN,9/27/13
MICHIGAN,BARRY,NASHVILLE,11545 W KINSEL HIGHWAY,8/15/15
MICHIGAN,BARRY,PLAINWELL,11321 9 MILE ROAD,12/12/08
MICHIGAN,BARRY,PLAINWELL,11321 9 MILE ROAD,4/2/09
MICHIGAN,BARRY,PLAINWELL,12372 SUNSET CIRCLE,8/14/11
MICHIGAN,BARRY,PLAINWELL,11604 PEACH TREE STREET,1/18/14
MICHIGAN,BARRY,SHELBYVILLE,6583 BOULTER RD,12/5/05
MICHIGAN,BARRY,SHELBYVILLE,7120 MARSH RD,12/5/05
MICHIGAN,BARRY,SHELBYVILLE,4268 WEST JOY ROAD,12/8/14
MICHIGAN,BARRY,WAYLAND,129924 RISON DRIVE,6/23/10
MICHIGAN,BAY,BAY CITY,1003 FLORENCE E ST 2,10/2/04
MICHIGAN,BAY,BAY CITY,4059 DAYBROOK DRIVE,12/4/14
MICHIGAN,BENZIE,BENZONIA,4 SEASONS ROAD,12/12/13
MICHIGAN,BENZIE,THOMPSONVILLE,5626 THOMPSONVILLE S RD,7/9/04
MICHIGAN,BENZIE,THOMPSONVILLE,5660 THOMPSONVILLE S RD,10/6/04
MICHIGAN,BERRIEN,BENTON HARBOR,478 GARY AVE,4/11/04
MICHIGAN,BERRIEN,BENTON HARBOR,3398 RIVERSIDE ROAD,9/10/07
MICHIGAN,BERRIEN,BENTON HARBOR,438 MILLBURG DRIVE,11/11/07
MICHIGAN,BERRIEN,BENTON HARBOR,2699 SOUTH M-139 HIGHWAY 140,5/9/09
MICHIGAN,BERRIEN,BENTON HARBOR,4739 NORTH STREET,7/21/10
MICHIGAN,BERRIEN,BENTON HARBOR,2390 EAST EUCLID AVENUE,8/15/12
MICHIGAN,BERRIEN,BENTON HARBOR,2026 HATCH STREET,8/24/12
MICHIGAN,BERRIEN,BENTON HARBOR,573 MIDWAY 2,8/27/12
MICHIGAN,BERRIEN,BENTON HARBOR,846 N BENTON CENTER ROAD,9/12/15
MICHIGAN,BERRIEN,BRIDGMAN,9240 JERICHO RD,9/18/05
MICHIGAN,BERRIEN,BUCHANAN,803 NORTH RED BUD TRAIL,7/26/07
MICHIGAN,BERRIEN,BUCHANAN,609 WEST 4TH STREET 28,10/11/07
MICHIGAN,BERRIEN,BUCHANAN,2980 OAK FOREST ROAD,6/16/08
MICHIGAN,BERRIEN,BUCHANAN,406 WEST ROE STREET,7/18/08
MICHIGAN,BERRIEN,BUCHANAN,1005 VICTORY STREET,1/1/12
MICHIGAN,BERRIEN,BUCHANAN,105 FULTON,3/1/15
MICHIGAN,BERRIEN,COLOMA,5632 JILL ANNE DRIVE,4/25/07
MICHIGAN,BERRIEN,COLOMA,4241 EAST THAR ROAD,9/29/08
MICHIGAN,BERRIEN,COLOMA,5394 PAW PAW LAKE ROAD,4/1/10
MICHIGAN,BERRIEN,COLOMA,5949 NORTH COLOMA ROAD,4/13/10
MICHIGAN,BERRIEN,COLOMA,7180 ARIES LANE,6/15/11
MICHIGAN,BERRIEN,COLOMA,7142 ARIES LANE,10/19/11
MICHIGAN,BERRIEN,COLOMA,6275 CENTRAL AVENUE 3,10/25/12
MICHIGAN,BERRIEN,EAU CLAIRE,6220 APPLE STREET,11/21/10
MICHIGAN,BERRIEN,EAU CLAIRE,5534 PARKWAY DRIVE,12/12/10
MICHIGAN,BERRIEN,EAU CLAIRE,5582 TOUSLEY DRIVE,1/3/11
MICHIGAN,BERRIEN,EAU CLAIRE,7076 BEAVER DRIVE,8/22/15
MICHIGAN,BERRIEN,NILES,1010 FERRY STREET,9/24/07
MICHIGAN,BERRIEN,NILES,1027 HERBERT,9/7/08
MICHIGAN,BERRIEN,NILES,301 17TH STREET C,1/14/08
MICHIGAN,BERRIEN,NILES,902 OAK STREET,7/21/10
MICHIGAN,BERRIEN,NILES,904 SYCAMORE STREET,12/2/11
MICHIGAN,BERRIEN,NILES,1101.5 CEDAR STREET,7/25/12
MICHIGAN,BERRIEN,NILES,1610 N 5TH STREET,4/1/15
MICHIGAN,BERRIEN,NILES,1610 N 5TH STREET,6/16/15
MICHIGAN,BERRIEN,NILES,3156 DETROIT ROAD,3/9/16
MICHIGAN,BERRIEN,NILES,2328 DR EMERALD,5/18/17
MICHIGAN,BERRIEN,SAINT JOSEPH,819 HIGHLAND AVENUE,7/24/12
MICHIGAN,BERRIEN,SODUS,3101 RIVER RD 09,9/8/04
MICHIGAN,BERRIEN,STEVENSVILLE,604 WEST JOHN REERR ROAD,12/8/06
MICHIGAN,BERRIEN,STEVENSVILLE,604 WEST JOHN BEERS ROAD,4/19/07
MICHIGAN,BERRIEN,WATERVLIET,5355 M-140 N,10/5/04
MICHIGAN,BRANCH,BRISTOL,603 STONEY POINT DRIVE,12/30/08
MICHIGAN,BRANCH,BRONSON,273 WEST SOUTHERN ROAD,7/24/06
MICHIGAN,BRANCH,BRONSON,1167 HOLLOW ROAD,5/30/07
MICHIGAN,BRANCH,BRONSON,529 WEST CHICAGO ROAD,12/19/08
MICHIGAN,BRANCH,BRONSON,602 SOUTH PARHAM ROAD,5/13/09
MICHIGAN,BRANCH,BRONSON,438 NORTH WALKER STREET,8/30/10
MICHIGAN,BRANCH,BRONSON,216 BUCAHANON STREET,2/7/11
MICHIGAN,BRANCH,BRONSON,216 BUCAHANON STREET,2/7/11
MICHIGAN,BRANCH,BRONSON,1163 HOLLOW ROAD,10/7/14
MICHIGAN,BRANCH,COLDWATER,232 NASH II RD,8/15/05
MICHIGAN,BRANCH,COLDWATER,343 PARADINE RD `,1/13/06
MICHIGAN,BRANCH,COLDWATER,330 WEST PEARL STREET #8,11/2/07
MICHIGAN,BRANCH,COLDWATER,125 EAST WASHINGTON STREET,12/29/07
MICHIGAN,BRANCH,COLDWATER,57 DIVISION STREET,3/7/08
MICHIGAN,BRANCH,COLDWATER,196 NORTH ANGOLA ROAD 2,4/7/08
MICHIGAN,BRANCH,COLDWATER,647 JONESVILLE ROAD,4/8/08
MICHIGAN,BRANCH,COLDWATER,89 SMITH STREET,4/8/08
MICHIGAN,BRANCH,COLDWATER,382 NORTH FREMONT ROAD,6/2/08
MICHIGAN,BRANCH,COLDWATER,247 EAST WASHINGTON STREET,9/7/08
MICHIGAN,BRANCH,COLDWATER,200 EAST GARFIELD ROAD 232,10/30/08
MICHIGAN,BRANCH,COLDWATER,243 WEST CHICAGO STREET 2,11/23/08
MICHIGAN,BRANCH,COLDWATER,30 PINE TREE LANE G,12/27/08
MICHIGAN,BRANCH,COLDWATER,204 HENRY STREET,2/3/12
MICHIGAN,BRANCH,COLDWATER,134 WEST COLON ROAD B,2/18/12
MICHIGAN,BRANCH,COLDWATER,156 WEST CLARKE AVENUE,6/18/12
MICHIGAN,BRANCH,COLDWATER,531 ROCKY RIDGE DRIVE,10/5/13
MICHIGAN,BRANCH,COLDWATER,330 S MICHIGAN AVENUE,1/8/15
MICHIGAN,BRANCH,COLDWATER,675 JO JO LANE,8/9/15
MICHIGAN,BRANCH,COLDWATER,191 N Fillmore Rd. Box 15,6/4/16
MICHIGAN,BRANCH,COLDWATER,196 n. angola rd.,1/29/17
MICHIGAN,BRANCH,COLON,938 HEIGHTS DRIVE,8/24/10
MICHIGAN,BRANCH,MONTGOMERY,1057 PAUL RD,5/24/04
MICHIGAN,BRANCH,MONTGOMERY,202 SOUTH MAIN STREET,9/15/06
MICHIGAN,BRANCH,QUINCY,1045 GROVE RD,11/3/04
MICHIGAN,BRANCH,QUINCY,2580 PIERCE ROAD,7/21/06
MICHIGAN,BRANCH,QUINCY,563 SOUTH RAY QUINCY ROAD,8/31/07
MICHIGAN,BRANCH,QUINCY,1004 ANNIN ROAD,2/27/10
MICHIGAN,BRANCH,QUINCY,420 RIDGE ROAD,7/19/15
MICHIGAN,BRANCH,SHERWOOD,363 CHIPPEWA CIRCLE,6/6/06
MICHIGAN,BRANCH,SHERWOOD,849 VOGEL DRIVE,6/9/08
MICHIGAN,BRANCH,SHERWOOD,360 CHIPPEWA CIRCLE DRIVE,7/21/08
MICHIGAN,BRANCH,SHERWOOD,1022 DUNKS ROAD,7/22/08
MICHIGAN,BRANCH,SHERWOOD,862 VAN WARMER ROAD,12/13/11
MICHIGAN,BRANCH,TEKONSHA,1169 NORTH MARSHALL,11/7/07
MICHIGAN,BRANCH,TEKONSHA,494 HERRICKSVILL E,12/13/10
MICHIGAN,BRANCH,UNION CITY,2015 TACOMA DR,10/7/05
MICHIGAN,BRANCH,UNION CITY,213 CREEK ROAD,1/25/11
MICHIGAN,BRANCH,UNION CITY,437 CHAD LANE,10/16/14
MICHIGAN,CALHOUN,ALBION,834 IRWIN AVENUE,11/9/15
MICHIGAN,CALHOUN,ATHENS,304 AVENUE A S,2/20/06
MICHIGAN,CALHOUN,BATTLE CREEK,194 N Wabash AVENUE,7/7/16
MICHIGAN,CALHOUN,BATTLE CREEK,189 SWEDISH ST,3/10/04
MICHIGAN,CALHOUN,BATTLE CREEK,596 WESTBROOK,10/1/04
MICHIGAN,CALHOUN,BATTLE CREEK,51 MOTT STREET,2/18/07
MICHIGAN,CALHOUN,BATTLE CREEK,51 MOTT,2/5/08
MICHIGAN,CALHOUN,BATTLE CREEK,5533 EAST PARADISE ROAD,9/5/08
MICHIGAN,CALHOUN,BATTLE CREEK,274 BORDEN DRIVE,1/15/08
MICHIGAN,CALHOUN,BATTLE CREEK,925 NORTHEAST CAPITAL AVENUE,11/15/08
MICHIGAN,CALHOUN,BATTLE CREEK,135 KELWOOD,9/8/13
MICHIGAN,CALHOUN,BATTLE CREEK,100 FOSTER AVENUE,12/21/14
MICHIGAN,CALHOUN,BATTLE CREEK,319 NEWTOWN AVENUE,2/5/15
MICHIGAN,CALHOUN,BATTLE CREEK,133 ELDRED STREET,6/2/15
MICHIGAN,CALHOUN,BATTLE CREEK,200 SUMMER STREET,7/10/15
MICHIGAN,CALHOUN,BATTLE CREEK,131 N BROADWAY BOULEVARD,7/15/15
MICHIGAN,CALHOUN,BATTLE CREEK,77 MILLER STREET,8/4/15
MICHIGAN,CALHOUN,BATTLE CREEK,25 TAYLOR AVENUE,8/6/15
MICHIGAN,CALHOUN,BATTLE CREEK,220 LAUREL DRIVE,8/14/15
MICHIGAN,CALHOUN,BATTLE CREEK,23 KELLOGG STREET,8/23/15
MICHIGAN,CALHOUN,BATTLE CREEK,113 N WABASH STREET,8/21/15
MICHIGAN,CALHOUN,BATTLE CREEK,53 MARJORIE STREET,11/6/15
MICHIGAN,CALHOUN,BATTLE CREEK,56 TRAVERSE STREET,12/10/15
MICHIGAN,CALHOUN,BATTLE CREEK,743 VANBUREN STREET,2/10/15
MICHIGAN,CALHOUN,BATTLE CREEK,131 N broadway BOULEVARD,12/30/15
MICHIGAN,CALHOUN,BATTLE CREEK,24 Magnolia AVENUE,2/1/16
MICHIGAN,CALHOUN,BATTLE CREEK,107 Lathrop AVENUE,2/17/16
MICHIGAN,CALHOUN,BATTLE CREEK,336 country club BOULEVARD,3/3/16
MICHIGAN,CALHOUN,BURLINGTON,8229 M S DR,6/6/04
MICHIGAN,CALHOUN,FULTON,1977 S DR S,1/5/06
MICHIGAN,CALHOUN,HOMER,430 BYRON S ST 130,2/3/06
MICHIGAN,CALHOUN,HOMER,315 WEST EVERETT STREET,1/20/08
MICHIGAN,CALHOUN,HOMER,430 S BYRON STREET,12/4/15
MICHIGAN,CALHOUN,HOMER,25560 m-60 hwy,1/12/17
MICHIGAN,CALHOUN,SPRINGFIELD,254 REYNOLDS ROAD,12/18/07
MICHIGAN,CALHOUN,SPRINGFIELD,463 NORTH 25TH STREET,2/6/11
MICHIGAN,CALHOUN,SPRINGFIELD,463 NORTH 25TH STREET,2/6/11
MICHIGAN,CALHOUN,SPRINGFIELD,221 KIRKWOOD AVENUE,7/22/12
MICHIGAN,CALHOUN,SPRINGFIELD,1145 HARMONIA ROAD LOT#30,2/10/14
MICHIGAN,CALHOUN,TEKONSHA,2229 19 1/2 MILE RD,4/22/04
MICHIGAN,CALHOUN,TEKONSHA,1169 MARSHALL ROAD,1/25/06
MICHIGAN,CALHOUN,UNION CITY,300 TURTLE LAKE ROAD,10/8/07
MICHIGAN,CALHOUN,UNION CITY,536 10 1/2 MILE ROAD,3/21/14
MICHIGAN,CASS,CASSOPOLIS,19866 CHAIN LAKE ST,9/30/04
MICHIGAN,CASS,CASSOPOLIS,20151 BULHAND ROAD,4/17/07
MICHIGAN,CASS,CASSOPOLIS,19124 NORTHROP STREET,5/15/09
MICHIGAN,CASS,CASSOPOLIS,65668 BRICK CHURCH ROAD,2/22/10
MICHIGAN,CASS,CASSOPOLIS,20151 BULLHAND STREET BOX APT. #5,9/19/15
MICHIGAN,CASS,CASSOPOLIS,127 N OKEEFE STREET,3/4/16
MICHIGAN,CASS,CASSOPOLIS,19622 Calvin Hill St,9/14/16
MICHIGAN,CASS,DOWAGIAC,24218 MAIN W ST,8/30/04
MICHIGAN,CASS,DOWAGIAC,54018 M 51 N,11/2/04
MICHIGAN,CASS,DOWAGIAC,25259 70TH STREET,9/27/07
MICHIGAN,CASS,DOWAGIAC,62296 ANDERSON ROAD,3/13/08
MICHIGAN,CASS,DOWAGIAC,305 WOODEN AVENUE,8/9/08
MICHIGAN,CASS,DOWAGIAC,210 SOUTH PAUL STREET,11/29/08
MICHIGAN,CASS,DOWAGIAC,520 MAIN STREET,1/11/10
MICHIGAN,CASS,DOWAGIAC,206 THIRD AVENUE,12/6/13
MICHIGAN,CASS,DOWAGIAC,52698 LINDBERG DRIVE,2/5/15
MICHIGAN,CASS,DOWAGIAC,206 OAK STREET BOX APT A,4/1/15
MICHIGAN,CASS,DOWAGIAC,N 509 1/2 FRONT STREET,10/7/15
MICHIGAN,CASS,DOWAGIAC,318 E Division STREET,1/7/16
MICHIGAN,CASS,DOWAGIAC,420 E Railroad STREET,1/7/16
MICHIGAN,CASS,DOWAGIAC,26939 Corwin,2/18/16
MICHIGAN,CASS,DOWAGIAC,28101 mi52 BOX # 46,4/4/16
MICHIGAN,CASS,EDWARDSBURG,19311 US 12 LOT 38,8/24/04
MICHIGAN,CASS,EDWARDSBURG,68782 CLAIRE STREET,5/8/07
MICHIGAN,CASS,EDWARDSBURG,17476 STARBRICK STREET,9/1/07
MICHIGAN,CASS,EDWARDSBURG,69369 CASSOPOLIS ROAD,8/22/08
MICHIGAN,CASS,EDWARDSBURG,27532 MAY STREET,4/20/10
MICHIGAN,CASS,EDWARDSBURG,26967 US 12,3/6/14
MICHIGAN,CASS,EDWARDSBURG,19250 STATE LINE ROAD BOX 67,6/14/15
MICHIGAN,CASS,JONES,10838 BORN ST,3/22/05
MICHIGAN,CASS,JONES,14251 EAST CHAPEL HILL STREET,9/28/06
MICHIGAN,CASS,MARCELLUS,10425 WOLFE STREET,7/20/16
MICHIGAN,CASS,MARCELLUS,55234 DAY RD,5/27/05
MICHIGAN,CASS,MARCELLUS,393 EAST MAIN STREET,1/14/08
MICHIGAN,CASS,MARCELLUS,50346 SHELDON CREEK ROAD,5/30/08
MICHIGAN,CASS,MARCELLUS,13784 WATERSTRADT STREET,6/18/08
MICHIGAN,CASS,MARCELLUS,16924 FINCH ROAD,11/26/08
MICHIGAN,CASS,MARCELLUS,19175 CHURCH STREET,10/16/13
MICHIGAN,CASS,NILES,2658 ALANE COURT,7/15/07
MICHIGAN,CASS,NILES,61001 INDIAN LAKE ROAD,10/2/08
MICHIGAN,CASS,NILES,29112 FOLLMER STREET,9/11/10
MICHIGAN,CASS,UNION,69611 SUNSET BOULEVARD 1,9/15/05
MICHIGAN,CASS,UNION,69728 UNION STREET,7/18/07
MICHIGAN,CASS,VANDALIA,61482 DONALD ROAD,5/9/07
MICHIGAN,CASS,VANDALIA,18016 WOOD STREET,5/14/07
MICHIGAN,CASS,VANDALIA,16819 WILLIAMSVILLE STREET,12/5/13
MICHIGAN,CASS,VANDALIA,16340 DUTCH SETTLEMENT STREET,12/3/14
MICHIGAN,CASS,WHITE PIGEON,76063 SOUTH RIVER ROAD,1/12/14
MICHIGAN,CHEBOYGAN,CHEBOYGAN,1127 MACKINAW AVENUE,4/4/13
MICHIGAN,CHEBOYGAN,WOLVERINE,5844 MAPLE STREET,7/16/10
MICHIGAN,CHIPPEWA,[Unspecified],639 MYRTLE ELLIOTT CIRCLE BOX 3,11/10/15
MICHIGAN,CHIPPEWA,SAULT STE MARIE,2309 ANDARY AVENIDA,1/9/14
MICHIGAN,CHIPPEWA,DAFTER,2169 W 10 Mile Rd,11/7/16
MICHIGAN,CLARE,CLARE,128 EAST 4TH STREET,11/12/11
MICHIGAN,CLARE,HARRISON,3845 LAPHAM ROAD,2/23/06
MICHIGAN,CLARE,HARRISON,2805 HAYES ROAD,10/12/06
MICHIGAN,CLARE,HARRISON,7486 EAST TOWNLINE LAKE ROAD,6/3/08
MICHIGAN,CLARE,HARRISON,1970 JILL-JANET ROAD,9/11/12
MICHIGAN,CLARE,HARRISON,3007 Lockwood St,8/12/16
MICHIGAN,CLARE,HARRISON,362 Shappell Dr,9/21/16
MICHIGAN,CLARE,LAKE,8085 MCKINLEY AVENUE,8/8/06
MICHIGAN,CLARE,LAKE,11140 DEBBIE DEE ROAD,5/7/13
MICHIGAN,CLARE,LAKE,2702 Lindaven Drive,5/18/17
MICHIGAN,CLINTON,EAGLE,12655 WEST GRAND RIVER,12/14/10
MICHIGAN,CLINTON,OVID,1505 NORTH ST. CLAIR ROAD,10/26/12
MICHIGAN,CLINTON,SAINT JOHNS,609 MORTON STREET LOT16,7/23/12
MICHIGAN,CLINTON,SAINT JOHNS,410 WIGHT STREET 3,3/18/14
MICHIGAN,CLINTON,SAINT JOHNS,605 STATE STREET,2/24/15
MICHIGAN,CLINTON,SAINT JOHNS,5087 W CENTERLINE ROAD,10/21/15
MICHIGAN,CLINTON,SAINT JOHNS,314 N CLINTON AVENUE BOX 3,11/13/15
MICHIGAN,DELTA,ESCANABA,309 S 9TH STREET BOX 3,2/1/15
MICHIGAN,DELTA,ESCANABA,1723 N 3RD AVENUE BOX 4,8/12/15
MICHIGAN,DICKINSON,IRON MOUNTAIN,501 PEWABIC STREET,10/2/14
MICHIGAN,DICKINSON,IRON MOUNTAIN,703 WEST BROWN STREET,10/25/14
MICHIGAN,EATON,CHARLOTTE,712 CLINTON S ST,2/22/05
MICHIGAN,EATON,CHARLOTTE,833 5 POINT W HWY,4/28/05
MICHIGAN,EATON,CHARLOTTE,402 WEST STODDARD STREET,2/9/07
MICHIGAN,EATON,CHARLOTTE,3338 CARLISLE HIGHWAY,12/23/10
MICHIGAN,EATON,CHARLOTTE,421 MERRITT STREET G,11/12/11
MICHIGAN,EATON,CHARLOTTE,4208 SOUTH STINE ROAD,2/23/12
MICHIGAN,EATON,CHARLOTTE,228 VAN LIEU STREET,11/12/12
MICHIGAN,EATON,CHARLOTTE,221 WEST HENRY STREET,6/7/14
MICHIGAN,EATON,CHARLOTTE,437 N SHELDON STREET,4/15/15
MICHIGAN,EATON,CHARLOTTE,407 W HARRIS AVENUE,5/27/15
MICHIGAN,EATON,CHARLOTTE,1263 STEWART ROAD,6/17/15
MICHIGAN,EATON,CHARLOTTE,633 Prairie STREET,2/21/16
MICHIGAN,EATON,CHARLOTTE,211 E HENRY STREET,3/1/16
MICHIGAN,EATON,DIMONDALE,8745 JUSTONIAN WAY,1/5/15
MICHIGAN,EATON,DIMONDALE,159 hawthorne DRIVE,12/25/15
MICHIGAN,EATON,EATON RAPIDS,8230 SPICERVILLE E HWY,2/25/05
MICHIGAN,EATON,EATON RAPIDS,8023 SPICERVILLE HIGHWAY,1/10/15
MICHIGAN,EATON,LANSING,521 CHANTICLEER CIRCLE,8/30/11
MICHIGAN,EATON,LANSING,7077 WILLIAMS ROAD,7/11/12
MICHIGAN,EATON,LANSING,1111 ELMWOOD ROAD BOX 3047,4/24/14
MICHIGAN,EATON,MULLIKEN,190 A & B CHARLOTTE A,8/3/10
MICHIGAN,EATON,OLIVET,3807 W Bellevue HIGHWAY,1/6/16
MICHIGAN,EATON,SPRINGPORT,2705 EAST BUTTERFIELD,2/8/11
MICHIGAN,EATON,SPRINGPORT,2705 EAST BUTTERFIELD,2/8/11
MICHIGAN,EATON,VERMONTVILLE,875 LINDEN STREET,5/22/07
MICHIGAN,EATON,VERMONTVILLE,10320 WEST VERMONTVILLE HIGHWAY,4/4/09
MICHIGAN,EMMET,BATTLE CREEK,135 WATTS,9/14/10
MICHIGAN,EMMET,PETOSKEY,1317 CRESTVIEW STREET APT 30,2/3/13
MICHIGAN,GENESEE,BURTON,4155 FENTON ROAD 24,4/7/11
MICHIGAN,GENESEE,BURTON,1450 WELLS STREET,8/7/15
MICHIGAN,GENESEE,BURTON,2050 E MCLEAN AVENUE,10/6/15
MICHIGAN,GENESEE,BURTON,3055 KLEINPELL STREET,12/23/15
MICHIGAN,GENESEE,BURTON,4153 Columbine AVENUE,1/6/16
MICHIGAN,GENESEE,BURTON,2107 brady AVENUE,3/14/16
MICHIGAN,GENESEE,CLIO,7061 VIENNA W RD 31,9/21/05
MICHIGAN,GENESEE,DAVISON,7318 RIVER ROCK,11/3/15
MICHIGAN,GENESEE,FLINT,1151 WEST PRINCETON AVENUE,12/7/06
MICHIGAN,GENESEE,FLINT,1549 EAST ATHERTON STREET,9/18/10
MICHIGAN,GENESEE,FLINT,3030 EAST HEMPHILL 209,8/7/11
MICHIGAN,GENESEE,FLINT,338 ALLENDALE PLACE,1/12/12
MICHIGAN,GENESEE,FLINT,2701 BRANCH STREET 118,1/24/12
MICHIGAN,GENESEE,FLINT,5130 EAST BOULEVARD ROAD,4/16/13
MICHIGAN,GENESEE,FLINT,1369 WEST PRINCETON AVENIDA,4/23/13
MICHIGAN,GENESEE,FLINT,2477 HAETHERLY AVENUE,8/1/13
MICHIGAN,GENESEE,FLINT,3249 DAKOTA AVENUE,10/26/14
MICHIGAN,GENESEE,FLINT,1577 COACHLIGHT COURT,12/1/14
MICHIGAN,GENESEE,FLINT,2730 EPISOLN TRAIL,6/12/15
MICHIGAN,GENESEE,FLINT,1348 W GENESEE AVENUE,8/13/15
MICHIGAN,GENESEE,FLINT,937 S BALLENGER ROAD,8/12/15
MICHIGAN,GENESEE,FLINT,2010 THOM,8/17/15
MICHIGAN,GENESEE,FLINT,937 S BALLENGER HIGHWAY,11/19/15
MICHIGAN,GENESEE,FLINT,3738 PITKIN,12/7/15
MICHIGAN,GENESEE,FLINT,1025 Darling STREET,2/16/16
MICHIGAN,GENESEE,FLINT,1425 Waldman AVENUE,3/19/16
MICHIGAN,GENESEE,FLINT,1707 E atherton ROAD,4/19/16
MICHIGAN,GENESEE,FLINT,1056 E BRISTOL ROAD,5/20/16
MICHIGAN,GENESEE,FLINT,1814 Jane STREET,5/20/16
MICHIGAN,GENESEE,FLINT,1726 Missouri Ave,8/11/16
MICHIGAN,GENESEE,FLINT,1514 N Lynch St,10/17/16
MICHIGAN,GENESEE,FLINT,1905 Kansas Ave,10/24/16
MICHIGAN,GENESEE,MOUNT MORRIS,6481 Estrelle AVENUE,7/12/16
MICHIGAN,GENESEE,MOUNT MORRIS,4148 W 54TH STREET,4/15/15
MICHIGAN,GENESEE,MOUNT MORRIS,7010 N LEWIS ROAD,10/20/15
MICHIGAN,GENESEE,MOUNT MORRIS,11009 S SAGINAW,12/1/15
MICHIGAN,GENESEE,MOUNT MORRIS,6452 LEWIS ROAD,2/16/16
MICHIGAN,GENESEE,MOUNT MORRIS,G5360 Detroit STREET,3/12/16
MICHIGAN,GENESEE,RICHFIELD CEN,TER 4390 NORTH IRISH 549,12/10/10
MICHIGAN,GLADWIN,BEAVERTON,110 WEST KNOX STREET 403,8/25/11
MICHIGAN,GLADWIN,BEAVERTON,3942 McCullum Rd,10/6/16
MICHIGAN,GLADWIN,GLADWIN,435 CEDAR E AVE,1/2/05
MICHIGAN,GLADWIN,GLADWIN,5276 ROSE LANE,9/14/11
MICHIGAN,GLADWIN,GLADWIN,1020 MCCLURE ROAD,11/12/15
MICHIGAN,GOGEBIC,IRONWOOD,719 FLORENCE,4/6/06
MICHIGAN,GOGEBIC,IRONWOOD,228 WEST AYER STREET 1,5/8/13
MICHIGAN,GOGEBIC,IRONWOOD,229 SOUTH MANSFIELD STREET UPPER,5/9/13
MICHIGAN,GOGEBIC,IRONWOOD,114 S MANSFIELD STREET,3/10/16
MICHIGAN,GRAND TRAV,ERSE TRAVERSE CITY,804 SOUTH UNION STREET,3/25/14
MICHIGAN,GRATIOT,ALMA,2421 NORTH ELY HIGHWAY,8/1/13
MICHIGAN,GRATIOT,ITHACA,221 SOUTH STREET,10/18/14
MICHIGAN,GRATIOT,ITHACA,221 E SOUTH STREET,10/14/15
MICHIGAN,GRATIOT,LANSING,4313 WEST BIRMINGHAM ROAD,9/4/13
MICHIGAN,GRATIOT,SAINT LOUIS,2242 MCGREGOR ROAD,5/17/11
MICHIGAN,GRATIOT,SAINT LOUIS,1312 WEST MADISON ROAD,11/7/11
MICHIGAN,GRATIOT,SAINT LOUIS,210 SOUTH LINCOLN STREET,12/10/11
MICHIGAN,GRATIOT,SAINT LOUIS,303 DEVON DRIVE,1/6/12
MICHIGAN,GRATIOT,SAINT LOUIS,302 SOUTH DELAWARE STREET C,8/14/12
MICHIGAN,GRATIOT,SAINT LOUIS,2144 E Mcgregor ROAD,1/7/16
MICHIGAN,HILLSDALE,CAMDEN,1623 HARMON ROAD,3/20/08
MICHIGAN,HILLSDALE,CAMDEN,9800 MAPLE ROAD,4/28/10
MICHIGAN,HILLSDALE,CAMDEN,8501 ALVORD ROAD,11/5/15
MICHIGAN,HILLSDALE,HILLSDALE,1711 EAST READING ROAD,1/11/06
MICHIGAN,HILLSDALE,HILLSDALE,1100 LILAC ROAD,2/28/07
MICHIGAN,HILLSDALE,HILLSDALE,138 MARION STREET,11/30/07
MICHIGAN,HILLSDALE,HILLSDALE,4032 PLEASANT STREET,4/17/09
MICHIGAN,HILLSDALE,HILLSDALE,32 EAST CARLETON ROAD BOX 513,9/7/14
MICHIGAN,HILLSDALE,HILLSDALE,1100 S CRONK ROAD,4/10/15
MICHIGAN,HILLSDALE,HILLSDALE,205 E WEST STREET,6/7/15
MICHIGAN,HILLSDALE,JONESVILLE,1911 EAST GOOSE LAKE ROAD,1/18/08
MICHIGAN,HILLSDALE,JONESVILLE,211 LIBERTY STREET,1/2/15
MICHIGAN,HILLSDALE,JONESVILLE,2010 E MOSHERVILLE ROAD,10/25/15
MICHIGAN,HILLSDALE,JONESVILLE,216 West Street,1/7/16
MICHIGAN,HILLSDALE,LITCHFIELD,7931 GENESEE ROAD,4/30/08
MICHIGAN,HILLSDALE,LITCHFIELD,6930 MCLAIN ROAD,3/16/14
MICHIGAN,HILLSDALE,READING,311 N Main St,10/4/16
MICHIGAN,HILLSDALE,OSSEO,6275 BEECHER ROAD,5/8/08
MICHIGAN,HILLSDALE,OSSEO,12800 BIRD LAKE ROAD,2/1/15
MICHIGAN,HILLSDALE,OSSEO,2859 Doty Rd,10/20/16
MICHIGAN,HILLSDALE,PITTSFORD,1500 JEROME,4/1/09
MICHIGAN,HILLSDALE,QUINCY,10731 HICKS ROAD,8/16/06
MICHIGAN,HILLSDALE,READING,5020 ABBOTT ROAD,3/6/08
MICHIGAN,HILLSDALE,READING,5451 ABBOTT ROAD,10/30/08
MICHIGAN,HILLSDALE,READING,120 ENTERPRISE DRIVE,6/25/10
MICHIGAN,INGHAM,BUNKER HILL,1149 MERIDIAN RD,12/20/04
MICHIGAN,INGHAM,EATON RAPIDS,5810 KINNEVILLE,11/22/13
MICHIGAN,INGHAM,HOLT,1287 ONONDAGA N RD,7/13/05
MICHIGAN,INGHAM,LANSING,120 WEST MICHIGAN AVENUE,5/18/06
MICHIGAN,INGHAM,LANSING,5032 CHRISTENSEN STREET,1/10/08
MICHIGAN,INGHAM,LANSING,456 SOUTH ROSEMARY STREET,1/25/10
MICHIGAN,INGHAM,LANSING,1622 CAVANAUGH,8/2/10
MICHIGAN,INGHAM,LANSING,2011 CLIFTON AVENUE,2/2/12
MICHIGAN,INGHAM,LANSING,815 EDISON AVENUE,2/2/12
MICHIGAN,INGHAM,LANSING,721 LESLIE STREET,7/17/12
MICHIGAN,INGHAM,LANSING,411 NORTH FRANCIS STREET,8/9/12
MICHIGAN,INGHAM,LANSING,510 WOODROW,5/6/13
MICHIGAN,INGHAM,LANSING,202 BELL STREET,6/4/13
MICHIGAN,INGHAM,LANSING,1224 CLARK STREET,7/28/13
MICHIGAN,INGHAM,LANSING,412 PINEWOOD STREET,8/20/15
MICHIGAN,INGHAM,LANSING,910 American ROAD BOX 203,
MICHIGAN,INGHAM,LANSING,922 Legrand Dr,11/22/16
MICHIGAN,INGHAM,LESLIE,714 MILL STREET UNIT 24,2/24/12
MICHIGAN,INGHAM,LESLIE,3540 BELLEVUE ROAD,10/16/12
MICHIGAN,INGHAM,LESLIE,4202 MERIDIAN,11/3/13
MICHIGAN,INGHAM,ONONDAGA,5420 BELLEVUE RD,4/5/06
MICHIGAN,INGHAM,ONONDAGA,4775 BALDWIN STREET,10/25/12
MICHIGAN,INGHAM,STOCKBRIDGE,621 CLINTON S ST,7/3/05
MICHIGAN,INGHAM,STOCKBRIDGE,530 MECHANIC ST,2/19/06
MICHIGAN,INGHAM,STOCKBRIDGE,1371 BASELINE RD,2/24/06
MICHIGAN,INGHAM,STOCKBRIDGE,1371 BASELINE ROAD,1/12/07
MICHIGAN,INGHAM,STOCKBRIDGE,4363 EAST M-36,8/3/08
MICHIGAN,INGHAM,STOCKBRIDGE,3074 OBRIEN ROAD,5/12/13
MICHIGAN,INGHAM,STOCKBRIDGE,305 W elizabeth STREET,12/28/15
MICHIGAN,IONIA,FENWICK,956 WOODS ROAD,2/7/12
MICHIGAN,IONIA,HUBBARDSTON,10651 MCKENNA,6/5/15
MICHIGAN,IONIA,IONIA,2717 NORTH STATE STREET,10/5/11
MICHIGAN,IONIA,IONIA,726 ROBERTSON COURT,10/22/12
MICHIGAN,IONIA,IONIA,5710 STAGE ROAD,3/19/14
MICHIGAN,IONIA,IONIA,215 RISH STREET BOX 2,4/24/14
MICHIGAN,IONIA,IONIA,4726 E BLUE WATER HIGHWAY,4/7/15
MICHIGAN,IONIA,IONIA,302 W. LINCOLN AVE.,5/16/17
MICHIGAN,IONIA,LAKE ODESSA,638 WEST MUSGROVE HIGHWAY,7/2/08
MICHIGAN,IONIA,LAKE ODESSA,14034 MAIER DRIVE,5/14/13
MICHIGAN,IONIA,LYONS,8270 GOODWIN ROAD,1/19/11
MICHIGAN,IONIA,LYONS,140 NORTH HIGBEE STREET,5/10/13
MICHIGAN,IONIA,LYONS,5793 EAST RIVERSIDE DRIVE,12/18/14
MICHIGAN,IONIA,MUIR,204 EAST SUMMIT STREET,5/11/09
MICHIGAN,IONIA,ORLEANS,475 LONG LAKE ROAD,2/21/12
MICHIGAN,IONIA,PORTLAND,2201/2 CLARK STREET,12/8/11
MICHIGAN,IONIA,SARANAC,8335 CENTERLINE ROAD,7/6/10
MICHIGAN,IOSCO,TAWAS CITY,402 W LAKE STREET,8/11/15
MICHIGAN,ISABELLA,COLEMAN,9603 EAST COLEMAN ROAD,12/4/07
MICHIGAN,ISABELLA,MOUNT PLEASANT,6313 CRAWFORD,5/12/05
MICHIGAN,ISABELLA,MOUNT PLEASANT,1007 NORTH KINNEY STREET,5/6/10
MICHIGAN,ISABELLA,MOUNT PLEASANT,3489 SOUTH SUMMERTON ROAD,5/18/10
MICHIGAN,ISABELLA,MOUNT PLEASANT,402 NORTH ARNOLD STREET,7/10/13
MICHIGAN,ISABELLA,MOUNT PLEASANT,740 NORTH LEATON ROAD,12/22/13
MICHIGAN,ISABELLA,MOUNT PLEASANT,2748 WEATHERWOOD STREET,10/22/15
MICHIGAN,ISABELLA,SHEPHERD,1409 SOUTH COUNTY LANE,6/20/12
MICHIGAN,ISABELLA,,8781 EAST BASELINE ROAD,8/4/06
MICHIGAN,ISABELLA,[Unspecified],330 E Rosebush Rd,9/14/16
MICHIGAN,ISABELLA,[Unspecified],3480 W Pickard Rd,10/14/16
MICHIGAN,ISABELLA,[Unspecified],1306 S Mission St,1/3/17
MICHIGAN,JACKSON,GRASS LAKE,9955 GLENN ROAD,5/11/13
MICHIGAN,JACKSON,JACKSON,119 ELM STREET 2,2/22/05
MICHIGAN,JACKSON,JACKSON,5791 WHEATON RD,8/23/05
MICHIGAN,JACKSON,JACKSON,116 MASON E ST 2,8/29/05
MICHIGAN,JACKSON,JACKSON,13255 CLINTON ROAD,4/15/06
MICHIGAN,JACKSON,JACKSON,605 HOMEWILD STREET,4/25/13
MICHIGAN,JACKSON,JACKSON,401 EAST HIGH STREET,11/4/13
MICHIGAN,JACKSON,JACKSON,521 WEST GANSON STREET,11/7/13
MICHIGAN,JACKSON,JACKSON,316 EAST EUCLID STREET,3/11/14
MICHIGAN,JACKSON,JACKSON,301 STEWARD AVENIDA BOX I16,6/25/14
MICHIGAN,JACKSON,JACKSON,1028 MAPLE AVENUE BOX 2,7/7/14
MICHIGAN,JACKSON,JACKSON,533 TUMBRIDGE ROAD,10/21/14
MICHIGAN,JACKSON,JACKSON,212 BIRDSELL STREET,12/27/14
MICHIGAN,JACKSON,JACKSON,5613 LARCH DRIVE,12/28/14
MICHIGAN,JACKSON,JACKSON,1005 LANSING AVENUE,3/2/15
MICHIGAN,JACKSON,JACKSON,215 SECOND STREET,3/13/15
MICHIGAN,JACKSON,JACKSON,612 LANSING AVENUE,4/17/15
MICHIGAN,JACKSON,JACKSON,200 S ELM STREET,7/7/15
MICHIGAN,JACKSON,JACKSON,464 COOPER STREET,12/4/15
MICHIGAN,JACKSON,JACKSON,2725 overhill ROAD,12/22/15
MICHIGAN,JACKSON,JACKSON,1411 Merriman STREET,2/19/16
MICHIGAN,JACKSON,JACKSON,510 Hallet St.,4/7/16
MICHIGAN,JACKSON,JACKSON,1916 Parkwood Way,8/11/16
MICHIGAN,JACKSON,JACKSON,801 Brentwood Rd,9/14/16
MICHIGAN,JACKSON,JACKSON,118 N Forbes St,9/25/16
MICHIGAN,JACKSON,JACKSON,708 S West Ave,5/17/17
MICHIGAN,JACKSON,KALEVA,6570 KINCH ROAD,9/10/13
MICHIGAN,JACKSON,LIBERTY,8495 JACKSON S RD,8/24/05
MICHIGAN,JACKSON,MUNITH,7150 KENNEDY RD,8/22/05
MICHIGAN,JACKSON,MUNITH,8533 COON HILL ROAD,1/29/10
MICHIGAN,JACKSON,PARMA,3003 GARDNER ROAD,4/10/15
MICHIGAN,JACKSON,PARMA,11 W MICHIGAN AVENUE,8/6/15
MICHIGAN,JACKSON,PLEASANT LAKE,11130 BUNKERHILL ROAD,12/13/07
MICHIGAN,KALAMAZOO,AUGUSTA,312 MICHIGAN W,5/3/05
MICHIGAN,KALAMAZOO,AUGUSTA,5163 FT CASTER DRIVE,6/5/08
MICHIGAN,KALAMAZOO,BRADY TOWNSHIP,11870 SPRINKLE RD,10/19/04
MICHIGAN,KALAMAZOO,COMSTOCK,534 LEENHOUTS ST,4/7/04
MICHIGAN,KALAMAZOO,COMSTOCK,505 COLLETTE AVENUE,2/3/10
MICHIGAN,KALAMAZOO,COMSTOCK,S 31ST ST / E N AVE ROAD,8/4/15
MICHIGAN,KALAMAZOO,COOPER TOWNSHIP,254 D AVE E LOT 60,1/26/05
MICHIGAN,KALAMAZOO,FULTON,15905 Z E AVE,2/8/05
MICHIGAN,KALAMAZOO,FULTON,14157 42ND S ST,8/9/05
MICHIGAN,KALAMAZOO,GALESBURG,571 MAPLEWOOD ST,5/2/04
MICHIGAN,KALAMAZOO,GALESBURG,4711 36TH N ST,11/3/04
MICHIGAN,KALAMAZOO,GALESBURG,8150 MICHIGAN E AVE,10/26/05
MICHIGAN,KALAMAZOO,GALESBURG,8078 EAST MICHIGAN AVENUE,11/27/06
MICHIGAN,KALAMAZOO,GALESBURG,552 NORTH 30TH STREET,8/14/07
MICHIGAN,KALAMAZOO,GALESBURG,490 ELMWOOD DRIVE,7/3/08
MICHIGAN,KALAMAZOO,GALESBURG,652 MAPLEWOOD DRIVE,7/3/08
MICHIGAN,KALAMAZOO,GALESBURG,17 WASHINGTON STREET,8/13/08
MICHIGAN,KALAMAZOO,GALESBURG,616 MAPLEWOOD,10/6/08
MICHIGAN,KALAMAZOO,GALESBURG,102 NORTH 30TH STREET 1,11/12/08
MICHIGAN,KALAMAZOO,GALESBURG,336 EAST MICHIGAN,1/9/10
MICHIGAN,KALAMAZOO,GALESBURG,336 EAST MICHIGAN AVENUE 4,7/11/10
MICHIGAN,KALAMAZOO,GALESBURG,161 GALE STREET,2/1/14
MICHIGAN,KALAMAZOO,GALESBURG,626 NORTH 35TH STREET BOX 2A,7/29/14
MICHIGAN,KALAMAZOO,GALESBURG,13362 EAST L AVENUE,12/17/14
MICHIGAN,KALAMAZOO,KALAMAZOO,1928 COLGROVE AVE 204,2/5/04
MICHIGAN,KALAMAZOO,KALAMAZOO,618 MAPLE HILL DR 110,2/5/04
MICHIGAN,KALAMAZOO,KALAMAZOO,1606 PALMER ST,2/15/04
MICHIGAN,KALAMAZOO,KALAMAZOO,156 28TH N ST 6,2/26/04
MICHIGAN,KALAMAZOO,KALAMAZOO,1966 11TH S ST 4,4/19/04
MICHIGAN,KALAMAZOO,KALAMAZOO,1915 MARCH ST,4/21/04
MICHIGAN,KALAMAZOO,KALAMAZOO,5672 MICHIGAN E AVE,4/22/04
MICHIGAN,KALAMAZOO,KALAMAZOO,619 EGLESTON ST,4/27/04
MICHIGAN,KALAMAZOO,KALAMAZOO,825 COOPER ST,4/29/04
MICHIGAN,KALAMAZOO,KALAMAZOO,2399 30TH N ST,5/1/04
MICHIGAN,KALAMAZOO,KALAMAZOO,2515 CORK E ST 21,5/15/04
MICHIGAN,KALAMAZOO,KALAMAZOO,5361 COMSTOCK AVE,6/10/04
MICHIGAN,KALAMAZOO,KALAMAZOO,1609 CHURCH N ST,6/20/04
MICHIGAN,KALAMAZOO,KALAMAZOO,628 LAKE ST,8/4/04
MICHIGAN,KALAMAZOO,KALAMAZOO,521 STASSEN ST,8/9/04
MICHIGAN,KALAMAZOO,KALAMAZOO,5603 20TH N ST,8/9/04
MICHIGAN,KALAMAZOO,KALAMAZOO,1608 HAYES PARK ST,8/12/04
MICHIGAN,KALAMAZOO,KALAMAZOO,1525 G E AVE,8/25/04
MICHIGAN,KALAMAZOO,KALAMAZOO,1013 EDISON ST,8/31/04
MICHIGAN,KALAMAZOO,KALAMAZOO,1519 OLMSTEAD RD 63,9/23/04
MICHIGAN,KALAMAZOO,KALAMAZOO,3661 LARK DR,9/28/04
MICHIGAN,KALAMAZOO,KALAMAZOO,9671 D E AVE A7,10/28/04
MICHIGAN,KALAMAZOO,KALAMAZOO,1804 HAWK DR,11/19/04
MICHIGAN,KALAMAZOO,KALAMAZOO,3625 LARK DR,12/3/04
MICHIGAN,KALAMAZOO,KALAMAZOO,1513 MAIN W ST,12/15/04
MICHIGAN,KALAMAZOO,KALAMAZOO,1404 MOSELS E ST,12/18/04
MICHIGAN,KALAMAZOO,KALAMAZOO,8924 MICHIGAN E,12/19/04
MICHIGAN,KALAMAZOO,KALAMAZOO,1904 SANDY COVE DR,1/4/05
MICHIGAN,KALAMAZOO,KALAMAZOO,1451 NORTH HILLS DR,1/7/05
MICHIGAN,KALAMAZOO,KALAMAZOO,254 D E AVE LOT 3,1/25/05
MICHIGAN,KALAMAZOO,KALAMAZOO,1028 FERNDALE AVE,1/26/05
MICHIGAN,KALAMAZOO,KALAMAZOO,2478 ROSEVELT,1/29/05
MICHIGAN,KALAMAZOO,KALAMAZOO,1403 SHERWOOD AVE 1,2/1/05
MICHIGAN,KALAMAZOO,KALAMAZOO,1536 HIGHLAND HILLS DR,2/4/05
MICHIGAN,KALAMAZOO,KALAMAZOO,3650 LURK DR,2/10/05
MICHIGAN,KALAMAZOO,KALAMAZOO,1706 HOMECREST ST,2/19/05
MICHIGAN,KALAMAZOO,KALAMAZOO,3405 D E AVE,2/25/05
MICHIGAN,KALAMAZOO,KALAMAZOO,4205 DEBBIE LN,3/15/05
MICHIGAN,KALAMAZOO,KALAMAZOO,1453 HIGHLAND HILLS DR,3/29/05
MICHIGAN,KALAMAZOO,KALAMAZOO,10150 RIVERVIEW N DR,3/30/05
MICHIGAN,KALAMAZOO,KALAMAZOO,1113 LANE BLVD,3/30/05
MICHIGAN,KALAMAZOO,KALAMAZOO,6766 COLGROVE,4/6/05
MICHIGAN,KALAMAZOO,KALAMAZOO,3634 LARK DR,4/13/05
MICHIGAN,KALAMAZOO,KALAMAZOO,738 VINE E ST,4/15/05
MICHIGAN,KALAMAZOO,KALAMAZOO,121 1/2 FELLOWS ST,4/23/05
MICHIGAN,KALAMAZOO,KALAMAZOO,3114 VIRGINIA AVE,5/5/05
MICHIGAN,KALAMAZOO,KALAMAZOO,1142 FARGO,5/17/05
MICHIGAN,KALAMAZOO,KALAMAZOO,1817 ROSE N ST,5/18/05
MICHIGAN,KALAMAZOO,KALAMAZOO,3661 CARDINAL DR,5/24/05
MICHIGAN,KALAMAZOO,KALAMAZOO,2141 AMHERST AVE,5/30/05
MICHIGAN,KALAMAZOO,KALAMAZOO,2000 BARNEY RD,5/31/05
MICHIGAN,KALAMAZOO,KALAMAZOO,3416 VALENCIA,6/5/05
MICHIGAN,KALAMAZOO,KALAMAZOO,1027 SHERWOOD AVE,7/6/05
MICHIGAN,KALAMAZOO,KALAMAZOO,8336 14TH ST,7/6/05
MICHIGAN,KALAMAZOO,KALAMAZOO,3315 BROOKFIELD,7/9/05
MICHIGAN,KALAMAZOO,KALAMAZOO,614 CHARLOTTE AVE,7/13/05
MICHIGAN,KALAMAZOO,KALAMAZOO,3415 VALENCIA LN,8/22/05
MICHIGAN,KALAMAZOO,KALAMAZOO,2516 CORLOT ST,8/23/05
MICHIGAN,KALAMAZOO,KALAMAZOO,502 30TH N ST,8/23/05
MICHIGAN,KALAMAZOO,KALAMAZOO,5069 ROYLAN ST,8/23/05
MICHIGAN,KALAMAZOO,KALAMAZOO,5225 FORDHAM,8/29/05
MICHIGAN,KALAMAZOO,KALAMAZOO,6568 WALBURN ST,9/5/05
MICHIGAN,KALAMAZOO,KALAMAZOO,1615 NOTTINGHAM ST 301,9/7/05
MICHIGAN,KALAMAZOO,KALAMAZOO,482 REED ST,9/19/05
MICHIGAN,KALAMAZOO,KALAMAZOO,2924 ALAMO AVE,9/26/05
MICHIGAN,KALAMAZOO,KALAMAZOO,909 EDISON ST,10/3/05
MICHIGAN,KALAMAZOO,KALAMAZOO,5381 THAYER AVE,10/6/05
MICHIGAN,KALAMAZOO,KALAMAZOO,3516 LOWDEN ST,10/14/05
MICHIGAN,KALAMAZOO,KALAMAZOO,6794 RAVINE RD,10/25/05
MICHIGAN,KALAMAZOO,KALAMAZOO,158 LEVEL ST,11/9/05
MICHIGAN,KALAMAZOO,KALAMAZOO,1539 HIGHLAND HILLS DR,11/17/05
MICHIGAN,KALAMAZOO,KALAMAZOO,156 28TH N ST 5,11/18/05
MICHIGAN,KALAMAZOO,KALAMAZOO,831 BURDICK S ST,12/12/05
MICHIGAN,KALAMAZOO,KALAMAZOO,1517 PORTAGE ST,12/21/05
MICHIGAN,KALAMAZOO,KALAMAZOO,111 FELLOWS CT,12/22/05
MICHIGAN,KALAMAZOO,KALAMAZOO,400 NORTH W ST,12/27/05
MICHIGAN,KALAMAZOO,KALAMAZOO,4068 DEADWOOD N,12/29/05
MICHIGAN,KALAMAZOO,KALAMAZOO,1519 OLMSTEAD 32,1/6/06
MICHIGAN,KALAMAZOO,KALAMAZOO,206 BELMONT E ST,1/31/06
MICHIGAN,KALAMAZOO,KALAMAZOO,3907 AOBURN LN,3/7/06
MICHIGAN,KALAMAZOO,KALAMAZOO,1006 LANE BLVD,3/8/06
MICHIGAN,KALAMAZOO,KALAMAZOO,35382 22ND,3/19/06
MICHIGAN,KALAMAZOO,KALAMAZOO,3606 STEWART DRIVE,5/17/06
MICHIGAN,KALAMAZOO,KALAMAZOO,6743 PEYTON PLACE,5/17/06
MICHIGAN,KALAMAZOO,KALAMAZOO,2233 FLOWER STREET,5/23/06
MICHIGAN,KALAMAZOO,KALAMAZOO,2023 SCHIPPERS LN.,5/24/06
MICHIGAN,KALAMAZOO,KALAMAZOO,6453 TWILIGHT AVENUE,6/26/06
MICHIGAN,KALAMAZOO,KALAMAZOO,2334 EAST MAIN STREET,7/24/06
MICHIGAN,KALAMAZOO,KALAMAZOO,254 EAST D AVENUE,8/1/06
MICHIGAN,KALAMAZOO,KALAMAZOO,6743 PEYTON PLACE,8/5/06
MICHIGAN,KALAMAZOO,KALAMAZOO,1323 BROWNELL STREET,8/17/06
MICHIGAN,KALAMAZOO,KALAMAZOO,6743 PETTON PLACE,8/29/06
MICHIGAN,KALAMAZOO,KALAMAZOO,1370 RED MAPLE LANE,1/10/07
MICHIGAN,KALAMAZOO,KALAMAZOO,254 EAST D LOT 23 AVENUE,2/5/07
MICHIGAN,KALAMAZOO,KALAMAZOO,5781 SANDALWOOD,2/14/07
MICHIGAN,KALAMAZOO,KALAMAZOO,508 LAY BOULEVARD,2/20/07
MICHIGAN,KALAMAZOO,KALAMAZOO,5125 LANDS END DRIVE,2/21/07
MICHIGAN,KALAMAZOO,KALAMAZOO,2804 MOUNT OLIVET,3/14/07
MICHIGAN,KALAMAZOO,KALAMAZOO,893 WORDEN,4/14/07
MICHIGAN,KALAMAZOO,KALAMAZOO,50 BLANCHE AVENUE,6/5/07
MICHIGAN,KALAMAZOO,KALAMAZOO,1944 SOUTH 11TH #3D STREET,9/25/07
MICHIGAN,KALAMAZOO,KALAMAZOO,530 DENWAY #36 CIRCLE,10/2/07
MICHIGAN,KALAMAZOO,KALAMAZOO,2918 WHITTIER STREET,11/5/07
MICHIGAN,KALAMAZOO,KALAMAZOO,3419 SOUTH 9TH STREET,12/4/07
MICHIGAN,KALAMAZOO,KALAMAZOO,7777 STADIUM DRIVE,1/10/08
MICHIGAN,KALAMAZOO,KALAMAZOO,5373 NORTH RIVERVIEW DRIVE,1/17/08
MICHIGAN,KALAMAZOO,KALAMAZOO,2515 EAST CORK STREET 25,1/29/08
MICHIGAN,KALAMAZOO,KALAMAZOO,1316 SOUTH WESTNEDGE AVENUE 3,2/4/08
MICHIGAN,KALAMAZOO,KALAMAZOO,3321 COMSTOCK VILLAGE DRIVE 103,2/11/08
MICHIGAN,KALAMAZOO,KALAMAZOO,6007 CHUBB AVENUE,2/13/08
MICHIGAN,KALAMAZOO,KALAMAZOO,3029 EMERALD DRIVE,2/29/08
MICHIGAN,KALAMAZOO,KALAMAZOO,720 OAK STREET 2,3/12/08
MICHIGAN,KALAMAZOO,KALAMAZOO,5665 JOSEPHINE STREET,3/26/08
MICHIGAN,KALAMAZOO,KALAMAZOO,1011 DAYTON,3/28/08
MICHIGAN,KALAMAZOO,KALAMAZOO,1406 BANBURY STREET,3/28/08
MICHIGAN,KALAMAZOO,KALAMAZOO,1015 CHICAGO AVENUE 1,4/3/08
MICHIGAN,KALAMAZOO,KALAMAZOO,6381 EAST JK AVENUE,4/6/08
MICHIGAN,KALAMAZOO,KALAMAZOO,3836 MADISON AVENUE,4/12/08
MICHIGAN,KALAMAZOO,KALAMAZOO,5314 WESTSHIRE STREET,4/16/08
MICHIGAN,KALAMAZOO,KALAMAZOO,5273 NORTH 20TH STREET,4/24/08
MICHIGAN,KALAMAZOO,KALAMAZOO,1516 EAST MAIN STREET 1,5/12/08
MICHIGAN,KALAMAZOO,KALAMAZOO,316 STUART AVENUE 2,5/19/08
MICHIGAN,KALAMAZOO,KALAMAZOO,1240 JEFFERSON,5/21/08
MICHIGAN,KALAMAZOO,KALAMAZOO,197 HOMER STREET,5/22/08
MICHIGAN,KALAMAZOO,KALAMAZOO,1103 FAIRBANKS AVENUE,5/28/08
MICHIGAN,KALAMAZOO,KALAMAZOO,5450 MOUNT COURT,5/29/08
MICHIGAN,KALAMAZOO,KALAMAZOO,5467 KEYES DRIVE,5/29/08
MICHIGAN,KALAMAZOO,KALAMAZOO,911 MILLS STREET,6/12/08
MICHIGAN,KALAMAZOO,KALAMAZOO,1549 NORTH HILLS DRIVE,6/19/08
MICHIGAN,KALAMAZOO,KALAMAZOO,730 LAKE STREET,6/19/08
MICHIGAN,KALAMAZOO,KALAMAZOO,202 WEST BELMONT,7/2/08
MICHIGAN,KALAMAZOO,KALAMAZOO,119 WALL STREET,7/4/08
MICHIGAN,KALAMAZOO,KALAMAZOO,2000 REED STREET,7/5/08
MICHIGAN,KALAMAZOO,KALAMAZOO,314 WEST VINE STREET 2,7/5/08
MICHIGAN,KALAMAZOO,KALAMAZOO,4530 LILAC LANE 31,7/8/08
MICHIGAN,KALAMAZOO,KALAMAZOO,527 WITWER COURT,7/9/08
MICHIGAN,KALAMAZOO,KALAMAZOO,606 DOUGLAS AVENUE 4,7/10/08
MICHIGAN,KALAMAZOO,KALAMAZOO,6582 CELERY STREET,7/15/08
MICHIGAN,KALAMAZOO,KALAMAZOO,3304 RANDOM,7/29/08
MICHIGAN,KALAMAZOO,KALAMAZOO,211 RIVER STREET C,7/30/08
MICHIGAN,KALAMAZOO,KALAMAZOO,127 NORTH 26TH STREET,8/13/08
MICHIGAN,KALAMAZOO,KALAMAZOO,6605 CLAXTON STREET,8/19/08
MICHIGAN,KALAMAZOO,KALAMAZOO,507 REED STREET,9/8/08
MICHIGAN,KALAMAZOO,KALAMAZOO,2222 REGENT,10/15/08
MICHIGAN,KALAMAZOO,KALAMAZOO,6504 CELERY STREET,10/28/08
MICHIGAN,KALAMAZOO,KALAMAZOO,330 NORTH SAGE STREET 102,11/5/08
MICHIGAN,KALAMAZOO,KALAMAZOO,1360 WILLOW LANE,11/18/08
MICHIGAN,KALAMAZOO,KALAMAZOO,1112 COLONIAL TRAIL DRIVE,11/20/08
MICHIGAN,KALAMAZOO,KALAMAZOO,2417 LINCOLN STREET,11/20/08
MICHIGAN,KALAMAZOO,KALAMAZOO,6596 PICADILLY,11/20/08
MICHIGAN,KALAMAZOO,KALAMAZOO,407 PHELPS STREET,11/21/08
MICHIGAN,KALAMAZOO,KALAMAZOO,1710 EAST G AVENUE 10,12/3/08
MICHIGAN,KALAMAZOO,KALAMAZOO,527 WEST CEDAR STREET 3,12/12/08
MICHIGAN,KALAMAZOO,KALAMAZOO,2517 SONORA,12/19/08
MICHIGAN,KALAMAZOO,KALAMAZOO,6400 EAST CELERY STREET,4/1/09
MICHIGAN,KALAMAZOO,KALAMAZOO,700 BK COLLETTE STREET,4/2/09
MICHIGAN,KALAMAZOO,KALAMAZOO,265 NORTH PARCORN STREET,4/3/09
MICHIGAN,KALAMAZOO,KALAMAZOO,1000 SCHUSTER STREET,4/4/09
MICHIGAN,KALAMAZOO,KALAMAZOO,5059 SOUTH 9TH STREET,4/5/09
MICHIGAN,KALAMAZOO,KALAMAZOO,5950 NORTH 20TH STREET,4/12/09
MICHIGAN,KALAMAZOO,KALAMAZOO,2135 SPRINKLE ROAD,4/15/09
MICHIGAN,KALAMAZOO,KALAMAZOO,1503 STOCKBRIDGE STREET,4/16/09
MICHIGAN,KALAMAZOO,KALAMAZOO,2515 EAST CORK STREET LOT 14,4/17/09
MICHIGAN,KALAMAZOO,KALAMAZOO,654 RIVER STREET,4/17/09
MICHIGAN,KALAMAZOO,KALAMAZOO,3700 VANRICK DRIVE 241,5/2/09
MICHIGAN,KALAMAZOO,KALAMAZOO,3700 VANRICK DRIVE 105,5/4/09
MICHIGAN,KALAMAZOO,KALAMAZOO,3800 EAST CORK STREET,5/5/09
MICHIGAN,KALAMAZOO,KALAMAZOO,6566 EAST JK AVENUE 1,5/7/09
MICHIGAN,KALAMAZOO,KALAMAZOO,2615 AIRVIEW BOULEVARD 243/244,5/11/09
MICHIGAN,KALAMAZOO,KALAMAZOO,3401 OLNEY DRIVE,5/13/09
MICHIGAN,KALAMAZOO,KALAMAZOO,3531 LOWDEN STREET,5/13/09
MICHIGAN,KALAMAZOO,KALAMAZOO,400 THE DELLS,5/15/09
MICHIGAN,KALAMAZOO,KALAMAZOO,8720 IRONWOOD AVENUE LOT 191,5/15/09
MICHIGAN,KALAMAZOO,KALAMAZOO,923 SOUTH BURDICK STREET,5/16/09
MICHIGAN,KALAMAZOO,KALAMAZOO,2500 MOUNT OLIVET ROAD,5/19/09
MICHIGAN,KALAMAZOO,KALAMAZOO,441 WEST CEDAR 2,5/21/09
MICHIGAN,KALAMAZOO,KALAMAZOO,527 DENWAY DRIVE,1/2/10
MICHIGAN,KALAMAZOO,KALAMAZOO,1600 NORTH RIVERVIEW STREET,1/13/10
MICHIGAN,KALAMAZOO,KALAMAZOO,2900 CHARLES AVENUE,1/17/10
MICHIGAN,KALAMAZOO,KALAMAZOO,2595 NAZARETH,1/25/10
MICHIGAN,KALAMAZOO,KALAMAZOO,2515 EAST CORK STREET 43,1/29/10
MICHIGAN,KALAMAZOO,KALAMAZOO,3611 EAST KILGORE ROAD,2/15/10
MICHIGAN,KALAMAZOO,KALAMAZOO,5350 WEST MAIU STREET,2/15/10
MICHIGAN,KALAMAZOO,KALAMAZOO,5425 MICHIGAN 210,2/16/10
MICHIGAN,KALAMAZOO,KALAMAZOO,2042 LANE BOULEVARD,2/18/10
MICHIGAN,KALAMAZOO,KALAMAZOO,5374 ANDRUS COURT,2/23/10
MICHIGAN,KALAMAZOO,KALAMAZOO,5650 PARKVIEW AVENIDA,4/4/10
MICHIGAN,KALAMAZOO,KALAMAZOO,3002 SOUTH BURDICK 3C,4/12/10
MICHIGAN,KALAMAZOO,KALAMAZOO,318 CHICAGO AVENUE,4/22/10
MICHIGAN,KALAMAZOO,KALAMAZOO,6244 EAST MICHIGAN AVENUE,5/6/10
MICHIGAN,KALAMAZOO,KALAMAZOO,5760 ARBUTUS STREET,5/7/10
MICHIGAN,KALAMAZOO,KALAMAZOO,527 EDWIN STREET,5/8/10
MICHIGAN,KALAMAZOO,KALAMAZOO,5396 MILHAM DRIVE,5/15/10
MICHIGAN,KALAMAZOO,KALAMAZOO,719 WOODARD AVENUE,5/19/10
MICHIGAN,KALAMAZOO,KALAMAZOO,7263 SAGINAW STREET,5/21/10
MICHIGAN,KALAMAZOO,KALAMAZOO,5934 FRANCIS STREET,8/6/10
MICHIGAN,KALAMAZOO,KALAMAZOO,611 COLLINS STREET,8/27/10
MICHIGAN,KALAMAZOO,KALAMAZOO,325 DARLING STREET,9/8/10
MICHIGAN,KALAMAZOO,KALAMAZOO,3105 CARLETON STREET,9/9/10
MICHIGAN,KALAMAZOO,KALAMAZOO,1207 HAYS PARK AVENUE,9/15/10
MICHIGAN,KALAMAZOO,KALAMAZOO,4050 UNDERWOOD COURT,1/6/11
MICHIGAN,KALAMAZOO,KALAMAZOO,1200 TRIMBLE STREET,1/10/11
MICHIGAN,KALAMAZOO,KALAMAZOO,1318 HUMPHREY STREET,1/13/11
MICHIGAN,KALAMAZOO,KALAMAZOO,1526 UPLAND STREET,1/13/11
MICHIGAN,KALAMAZOO,KALAMAZOO,750 LIBERTY STREET B2,5/9/11
MICHIGAN,KALAMAZOO,KALAMAZOO,6166 KINGSVILLE DRIVE,5/12/11
MICHIGAN,KALAMAZOO,KALAMAZOO,1334 NORTH PARK STREET,6/7/11
MICHIGAN,KALAMAZOO,KALAMAZOO,1117 REED STREET,7/31/11
MICHIGAN,KALAMAZOO,KALAMAZOO,549 FENIMORE,8/6/11
MICHIGAN,KALAMAZOO,KALAMAZOO,1829 CHARLES STREET,8/15/11
MICHIGAN,KALAMAZOO,KALAMAZOO,2177 EAST Y AVENUE,8/18/11
MICHIGAN,KALAMAZOO,KALAMAZOO,9704 BIG ROCK DRIVE,8/29/11
MICHIGAN,KALAMAZOO,KALAMAZOO,734 EAST VW AVENUE C2,8/30/11
MICHIGAN,KALAMAZOO,KALAMAZOO,2206 BENDER,9/21/11
MICHIGAN,KALAMAZOO,KALAMAZOO,4000 VALLEY DRIVE,9/23/11
MICHIGAN,KALAMAZOO,KALAMAZOO,750 PLEASANT AVENIDA 106,9/24/11
MICHIGAN,KALAMAZOO,KALAMAZOO,1023 LAY BOULEVARD,11/17/11
MICHIGAN,KALAMAZOO,KALAMAZOO,2128 PORTAGE STREET,12/10/11
MICHIGAN,KALAMAZOO,KALAMAZOO,1014 HAZARD AVENUE 2,12/14/11
MICHIGAN,KALAMAZOO,KALAMAZOO,8895 BRIARWOOD AVENUE LOT: 12,12/16/11
MICHIGAN,KALAMAZOO,KALAMAZOO,231 FORESMAN,12/18/11
MICHIGAN,KALAMAZOO,KALAMAZOO,6090 IMPERIAL STREET 8,12/21/11
MICHIGAN,KALAMAZOO,KALAMAZOO,316 WEST VINE 1,2/19/12
MICHIGAN,KALAMAZOO,KALAMAZOO,501 FENIMORE AVENUE,7/2/12
MICHIGAN,KALAMAZOO,KALAMAZOO,1706 BLOOMFIELD,7/8/12
MICHIGAN,KALAMAZOO,KALAMAZOO,4014 NORTH DEADWOOD,8/17/12
MICHIGAN,KALAMAZOO,KALAMAZOO,4319 DUKE STREET B8,5/10/13
MICHIGAN,KALAMAZOO,KALAMAZOO,2854 MOUNT OLIVET ROAD,5/14/13
MICHIGAN,KALAMAZOO,KALAMAZOO,1000 WEST D AVENUE,8/13/13
MICHIGAN,KALAMAZOO,KALAMAZOO,1109 WILLIS AVENUE,2/10/14
MICHIGAN,KALAMAZOO,KALAMAZOO,2825 MAPLE AVENUE,2/10/14
MICHIGAN,KALAMAZOO,KALAMAZOO,3925 SOUTH BURDICK,3/6/14
MICHIGAN,KALAMAZOO,KALAMAZOO,618 33RD STREET,3/14/14
MICHIGAN,KALAMAZOO,KALAMAZOO,6659 CARLISLE STREET,3/22/14
MICHIGAN,KALAMAZOO,KALAMAZOO,5557 CODDINGTON LANE BOX 1A,5/30/14
MICHIGAN,KALAMAZOO,KALAMAZOO,2215 WASHINGTON AVENUE,10/3/14
MICHIGAN,KALAMAZOO,KALAMAZOO,5672 EAST MICHIAGAN AVENUE,10/5/14
MICHIGAN,KALAMAZOO,KALAMAZOO,5097 MT. OLIVET AVENUE,12/15/14
MICHIGAN,KALAMAZOO,KALAMAZOO,6549 PEYTON PLACE,12/9/14
MICHIGAN,KALAMAZOO,KALAMAZOO,916 E STOCKBRIDGE AVENUE,1/6/15
MICHIGAN,KALAMAZOO,KALAMAZOO,13362 E L AVENUE,2/19/15
MICHIGAN,KALAMAZOO,KALAMAZOO,6007 ORAN BOX APT 3,3/6/15
MICHIGAN,KALAMAZOO,KALAMAZOO,1004 FLETCHER AVENUE,3/14/15
MICHIGAN,KALAMAZOO,KALAMAZOO,8392 S 2ND STREET,4/3/15
MICHIGAN,KALAMAZOO,KALAMAZOO,254 E D AVENUE BOX APT 39,4/3/15
MICHIGAN,KALAMAZOO,KALAMAZOO,5184 BOYLAN AVENUE,4/6/15
MICHIGAN,KALAMAZOO,KALAMAZOO,8945 BEECHWOOD DRIVE,5/15/15
MICHIGAN,KALAMAZOO,KALAMAZOO,1517 LANE BOULEVARD,7/4/15
MICHIGAN,KALAMAZOO,KALAMAZOO,3222 BIRCH LANE,7/19/15
MICHIGAN,KALAMAZOO,KALAMAZOO,1900 ROOSEVELT STREET,7/7/15
MICHIGAN,KALAMAZOO,KALAMAZOO,6399 BANEBENY ROAD,8/5/15
MICHIGAN,KALAMAZOO,KALAMAZOO,N AVE / S 31ST,8/5/15
MICHIGAN,KALAMAZOO,KALAMAZOO,8717 RUSTY DRIVE,8/5/15
MICHIGAN,KALAMAZOO,KALAMAZOO,8717 RUSTY DRIVE,8/5/15
MICHIGAN,KALAMAZOO,KALAMAZOO,1526 UPLAND DRIVE,10/7/15
MICHIGAN,KALAMAZOO,KALAMAZOO,5588 Meadowsweet Drive,1/7/16
MICHIGAN,KALAMAZOO,KALAMAZOO,823 Oakland Dr,11/18/16
MICHIGAN,KALAMAZOO,OSHTEMO,3150 DORI DR 208,11/21/05
MICHIGAN,KALAMAZOO,PARCHMENT,507 KEYES DR,7/21/04
MICHIGAN,KALAMAZOO,PAVILIENT WP,5038 O E AVE,1/12/06
MICHIGAN,KALAMAZOO,PAVILION,6622 SOUTH 25TH STREET,6/14/06
MICHIGAN,KALAMAZOO,PAVILLION TOWNSH,IP 6754 CHARRING CROSS,10/19/05
MICHIGAN,KALAMAZOO,PORTAGE,3885 HAMLIN DR,1/23/04
MICHIGAN,KALAMAZOO,PORTAGE,4284 BRISTLECONE DR,1/25/04
MICHIGAN,KALAMAZOO,PORTAGE,5447 MEREDITH DR D,3/3/04
MICHIGAN,KALAMAZOO,PORTAGE,219 DELLA ST,5/5/04
MICHIGAN,KALAMAZOO,PORTAGE,5530 LEXINGTON CIR,9/15/04
MICHIGAN,KALAMAZOO,PORTAGE,7528 LAKEWOOD DR,10/22/04
MICHIGAN,KALAMAZOO,PORTAGE,619 SCHURING RD 3,1/10/05
MICHIGAN,KALAMAZOO,PORTAGE,828 SHOM WAY ST,2/22/05
MICHIGAN,KALAMAZOO,PORTAGE,205 DAWNLEE,3/22/05
MICHIGAN,KALAMAZOO,PORTAGE,5541 LOVERS LN,4/26/05
MICHIGAN,KALAMAZOO,PORTAGE,4211 MONROE,6/8/05
MICHIGAN,KALAMAZOO,PORTAGE,9440 WESTRIDGE S AVE,10/11/05
MICHIGAN,KALAMAZOO,PORTAGE,4216 MONROE,11/21/05
MICHIGAN,KALAMAZOO,PORTAGE,1130 EAST OSTERHOUT ST.,4/17/06
MICHIGAN,KALAMAZOO,PORTAGE,8036 LOVERS LANE,6/6/06
MICHIGAN,KALAMAZOO,PORTAGE,7146 LOVERS LANE,8/18/06
MICHIGAN,KALAMAZOO,PORTAGE,2610 STANLEY,10/26/06
MICHIGAN,KALAMAZOO,PORTAGE,1605 BACON AVENUE,12/6/06
MICHIGAN,KALAMAZOO,PORTAGE,1522 HAMELINK STREET,4/23/07
MICHIGAN,KALAMAZOO,PORTAGE,5207 BONTE STREET,6/15/07
MICHIGAN,KALAMAZOO,PORTAGE,1722 QUAKER AVENUE,3/4/08
MICHIGAN,KALAMAZOO,PORTAGE,5423 MEREDITH 26,5/19/08
MICHIGAN,KALAMAZOO,PORTAGE,5530 LEXINGTON CIRCLE,6/10/08
MICHIGAN,KALAMAZOO,PORTAGE,9624 SOUTH SPRINKLE ROAD,6/18/08
MICHIGAN,KALAMAZOO,PORTAGE,5834 CRANSTON STREET,9/9/08
MICHIGAN,KALAMAZOO,PORTAGE,8119 BRUNING STREET,9/11/08
MICHIGAN,KALAMAZOO,PORTAGE,1950 VANDERBILT,10/23/08
MICHIGAN,KALAMAZOO,PORTAGE,528 CONNECTICUT DRIVE,11/25/08
MICHIGAN,KALAMAZOO,PORTAGE,5429 MEREDITH 2A,12/11/08
MICHIGAN,KALAMAZOO,PORTAGE,2100 BLOCK WINTER AVENUE,4/14/09
MICHIGAN,KALAMAZOO,PORTAGE,5207 BONTE,4/23/09
MICHIGAN,KALAMAZOO,PORTAGE,5431 MEREDITH STREET 1C,5/5/09
MICHIGAN,KALAMAZOO,PORTAGE,1508 SOUTH SHORE,5/9/09
MICHIGAN,KALAMAZOO,PORTAGE,5442 MEREDITH J,1/4/10
MICHIGAN,KALAMAZOO,PORTAGE,3140 EAST KILGORE,1/16/10
MICHIGAN,KALAMAZOO,PORTAGE,5500BK SPRINKLE ROAD,2/1/10
MICHIGAN,KALAMAZOO,PORTAGE,1706 BOKONER AVENUE,5/18/10
MICHIGAN,KALAMAZOO,PORTAGE,11247 PORTAGE ROAD 22,2/3/11
MICHIGAN,KALAMAZOO,PORTAGE,11247 PORTAGE ROAD 22,2/3/11
MICHIGAN,KALAMAZOO,PORTAGE,4855 EAST MILHAM AVENUE B,2/12/11
MICHIGAN,KALAMAZOO,PORTAGE,4855 EAST MILHAM AVENUE B,2/12/11
MICHIGAN,KALAMAZOO,PORTAGE,8605 NEWELLS LANE,9/6/11
MICHIGAN,KALAMAZOO,PORTAGE,5528 DEERFIELD,6/19/13
MICHIGAN,KALAMAZOO,PORTAGE,4212 WINTHROP,2/3/14
MICHIGAN,KALAMAZOO,PORTAGE,1025 SHUMWAY AVENUE,2/7/14
MICHIGAN,KALAMAZOO,PORTAGE,1411 WEST CENTRE,10/5/14
MICHIGAN,KALAMAZOO,PORTAGE,1727 PLEASANT DRIVE,2/5/15
MICHIGAN,KALAMAZOO,PORTAGE,8021 OAK STREET BOX APT 2,3/4/15
MICHIGAN,KALAMAZOO,PORTAGE,5328 WISTERIA,6/8/15
MICHIGAN,KALAMAZOO,PORTAGE,11000 SHAVER ROAD,8/9/15
MICHIGAN,KALAMAZOO,PORTAGE,6100 CORPORATE DRIVE,8/24/15
MICHIGAN,KALAMAZOO,PORTAGE,1103 SCHURING,11/27/15
MICHIGAN,KALAMAZOO,RICHLAND,6905 EAST D AVENUE 6,9/15/08
MICHIGAN,KALAMAZOO,RICHLAND,9604 EAST M-89 LOT 15,1/5/11
MICHIGAN,KALAMAZOO,RICHLAND,5796 EAST DB AVENUE,8/20/12
MICHIGAN,KALAMAZOO,RICHLAND,11926 EAST D AVENUE,2/7/14
MICHIGAN,KALAMAZOO,ROSS TWP,5598 MARTIN DR,8/31/05
MICHIGAN,KALAMAZOO,SCHOOLCRAFT,14213 14TH S ST,1/5/05
MICHIGAN,KALAMAZOO,SCHOOLCRAFT,11426 BONNIE DR 11,3/5/06
MICHIGAN,KALAMAZOO,SCHOOLCRAFT,11465 CIRCLE DRIVE,4/14/09
MICHIGAN,KALAMAZOO,SCHOOLCRAFT,11468 BONNIE DRIVE,2/19/10
MICHIGAN,KALAMAZOO,SCHOOLCRAFT,435 E Cass STREET,1/6/16
MICHIGAN,KALAMAZOO,SCOTTS,10844 QR E AVE,5/6/05
MICHIGAN,KALAMAZOO,SCOTTS,11793 SOUTH 39TH STREET,11/15/07
MICHIGAN,KALAMAZOO,VICKSBURG,333 FRAKES ST A102,3/24/04
MICHIGAN,KALAMAZOO,VICKSBURG,13397 X E AVE,9/1/04
MICHIGAN,KALAMAZOO,VICKSBURG,12139 39TH S ST,7/11/05
MICHIGAN,KALAMAZOO,VICKSBURG,12677 36TH S ST,12/21/05
MICHIGAN,KALAMAZOO,VICKSBURG,15649 SOUTH 29TH STREET,3/29/06
MICHIGAN,KALAMAZOO,VICKSBURG,12937 BAYVIEW DRIVE,2/12/07
MICHIGAN,KALAMAZOO,VICKSBURG,407 WEST XY AVENUE,3/27/07
MICHIGAN,KALAMAZOO,VICKSBURG,207 NORTH RICHARDSON 3,3/18/08
MICHIGAN,KALAMAZOO,VICKSBURG,10477 SPRINKLE ROAD 4,7/10/08
MICHIGAN,KALAMAZOO,VICKSBURG,12100 WEST INDIAN LAKE DRIVE,9/11/08
MICHIGAN,KALAMAZOO,VICKSBURG,13164 SOUTH 42ND STREET,9/24/08
MICHIGAN,KALAMAZOO,VICKSBURG,3300 EAST BLOCK U AVENUE,4/9/09
MICHIGAN,KALAMAZOO,VICKSBURG,12900 SOUTH 39TH STREET,4/17/10
MICHIGAN,KALAMAZOO,VICKSBURG,152 NORTH MAIN STREET 4,6/23/10
MICHIGAN,KALAMAZOO,VICKSBURG,1016 ODELL LANE,4/6/15
MICHIGAN,KALAMAZOO,VICKSBURG,712 PARK AVENUE,9/1/15
MICHIGAN,KALAMAZOO,,5200 EVERHARD,4/29/09
MICHIGAN,KALKASKA,RAPID CITY,7596 HAHN CIRCLE,2/7/06
MICHIGAN,KALKASKA,SOUTH BOARDMAN,322 WHALEY STREET,7/29/13
MICHIGAN,KENT,COMSTOCK PARK,8377 WATER EDGE DRIVE,8/12/12
MICHIGAN,KENT,GRAND RAPIDS,2324 SOUTH DIVISION AVENUE,7/23/06
MICHIGAN,KENT,GRAND RAPIDS,980 KENDELWOOD STREET,8/9/06
MICHIGAN,KENT,GRAND RAPIDS,1516 NORTHWEST ALPINE STREET,6/20/10
MICHIGAN,KENT,GRAND RAPIDS,154 SOUTHWEST NATIONAL STREET,6/20/10
MICHIGAN,KENT,GRAND RAPIDS,1354 NORTHEAST HOLLYWOOD STREET,7/4/11
MICHIGAN,KENT,GRAND RAPIDS,105 NORTHWEST BROADWAY AVENUE,10/19/12
MICHIGAN,KENT,GRAND RAPIDS,286 SOUTHWEST SWORD STREET,11/21/13
MICHIGAN,KENT,GRAND RAPIDS,626 SE CASS AVENUE,2/11/15
MICHIGAN,KENT,GRAND RAPIDS,1502 NE WAKELY STREET,12/1/15
MICHIGAN,KENT,GREENVILLE,10755 WEST SIMPSON,5/4/06
MICHIGAN,KENT,KENTWOOD,4822 ARBOR LANE,11/2/11
MICHIGAN,KENT,KENTWOOD,3694 SE BRETON ROAD,2/17/15
MICHIGAN,KENT,KENTWOOD,306 SE RIDGEWOOD STREET,7/20/15
MICHIGAN,KENT,ROCKFORD,6973 GOLDENROD,9/22/05
MICHIGAN,KENT,SPARTA,8896 COUNTRY VIEW DR NW,9/23/17
MICHIGAN,KENT,WYOMING,4385 SOUTHWEST IDLEWOOD,2/13/12
MICHIGAN,LAKE,BALDWIN,7216 S KIDD STRAVENUE,5/20/15
MICHIGAN,LAKE,CHASE,9314 48TH E ST,9/14/04
MICHIGAN,LAKE,REED CITY,8934 DEERFIELD CIRCLE,4/19/09
MICHIGAN,LAPEER,IMLAY CITY,1949 HICKORY LANE BOX 104,5/1/15
MICHIGAN,LAPEER,LAPEER,211 SARATOGA TRAIL,9/18/15
MICHIGAN,LENAWEE,ADDISON,219 SOUTH JACKSON STREET,8/2/12
MICHIGAN,LENAWEE,ADRIAN,620 WINTER N ST,3/11/06
MICHIGAN,LENAWEE,ADRIAN,1661 WEST VALLEY ROAD,5/27/08
MICHIGAN,LENAWEE,ADRIAN,620 NORTH WINTER STREET,10/21/11
MICHIGAN,LENAWEE,ADRIAN,1004 NORTH BROAD STREET,8/6/12
MICHIGAN,LENAWEE,HUDSON,207 GROVE STREET 4,12/4/13
MICHIGAN,LENAWEE,JASPER,1050 PACKARD ROAD,10/21/11
MICHIGAN,LENAWEE,JASPER,1050 PACKARD ROAD,12/1/11
MICHIGAN,LENAWEE,MORENCI,15670 WABASH ROAD,4/15/09
MICHIGAN,LENAWEE,PALMYRA,4163 ROBB HIGHWAY,11/9/11
MICHIGAN,MACKINAC,SAINT IGNACE,W590 Portage RD,5/4/17
MICHIGAN,MACOMB,SHELBY,8415 TIMBERLINE DRIVE,7/19/12
MICHIGAN,MACOMB,STERLING HEIGHTS,42103 BETLEY ROAD,7/9/07
MICHIGAN,MACOMB,WARREN,24503 TALLMAN,2/1/12
MICHIGAN,MANISTEE,BEAR LAKE,9509 Norconk Road,5/15/17
MICHIGAN,MANISTEE,MANISTEE,711 RAMSDELL STREET,12/19/14
MICHIGAN,MANISTEE,MANISTEE,188 12th St,9/15/16
MICHIGAN,MANISTEE,WELLSTON,4186 MARY STREET,10/1/13
MICHIGAN,MANISTEE,WELLSTON,17132 6th St,10/23/16
MICHIGAN,MARQUETTE,GWINN,214 TITAN STREET,2/18/14
MICHIGAN,MARQUETTE,GWINN,322 QUAIL STREET,5/4/15
MICHIGAN,MARQUETTE,GWINN,123 BIRCH STREET,7/24/15
MICHIGAN,MARQUETTE,GWINN,2104 NORTHWESTERN LAKE TRAIL,8/4/15
MICHIGAN,MARQUETTE,ISHPEMING,429 HIGH STREET,2/12/14
MICHIGAN,MARQUETTE,ISHPEMING,213 OAK STREET,10/16/14
MICHIGAN,MARQUETTE,ISHPEMING,213 EAST EUCLID STREET BOX UPPER,10/29/14
MICHIGAN,MARQUETTE,ISHPEMING,260 MARBLE STREET,10/16/14
MICHIGAN,MARQUETTE,ISHPEMING,655 MAURICE STREET BOX 2,12/21/14
MICHIGAN,MARQUETTE,MARQUETTE,427 ROCK STREET 4,1/5/14
MICHIGAN,MARQUETTE,MARQUETTE,777 PIONEER ROAD BOX 190,12/13/14
MICHIGAN,MASON,LUDINGTON,6967 ABRAHAMSON,2/13/07
MICHIGAN,MECOSTA,BIG RAPIDS,13401 215TH AVENUE,11/13/13
MICHIGAN,MECOSTA,PARIS,23759 NORTHLAND DRIVE,6/5/12
MICHIGAN,MECOSTA,REMUS,204 SOUTH SHERIDAN STREET,11/19/13
MICHIGAN,MENOMINEE,POWERS,N15965 MAIN STREET,10/26/15
MICHIGAN,MENOMINEE,WILSON,W406 CASINO,5/20/13
MICHIGAN,MIDLAND,COLEMAN,4384 LEWIS ROAD,7/16/12
MICHIGAN,MIDLAND,COLEMAN,4045 NORTH GENEVA ROAD,3/17/14
MICHIGAN,MIDLAND,MIDLAND,5898 NORTH STURGEON ROAD,6/11/11
MICHIGAN,MIDLAND,MIDLAND,610 VILLAGE CIRCLE D,7/10/13
MICHIGAN,MIDLAND,MIDLAND,1397 W GORDONVILLE AVENUE,10/1/15
MICHIGAN,MIDLAND,MIDLAND,406 E. GROVE ST,6/9/17
MICHIGAN,MIDLAND,PORT HURON,3241 ALAMANDO ROAD,9/18/13
MICHIGAN,MONTCALM,CORAL,15801 LINCOLN STREET,4/24/14
MICHIGAN,MONTCALM,CRYSTAL,1006 S MINER ROAD,8/4/15
MICHIGAN,MONTCALM,GREENVILLE,8869 EASTERN AVENUE,1/19/14
MICHIGAN,MONTCALM,GREENVILLE,4757 GREENVILLE ROAD BOX C,4/29/14
MICHIGAN,MONTCALM,GREENVILLE,315 E Washington St,10/6/16
MICHIGAN,MONTCALM,HOWARD CITY,8636 OTTAWA TRAIL,5/15/08
MICHIGAN,MONTCALM,HOWARD CITY,14085 W HOWARD CITY-EDMORE ROAD,5/6/15
MICHIGAN,MONTCALM,LAKEVIEW,8897 FERRIS BOULEVARD,2/7/06
MICHIGAN,MONTCALM,SHERIDAN,6113 FULLER ST,11/26/04
MICHIGAN,MONTCALM,STANTON,8282 LACE DR,7/13/04
MICHIGAN,MONTCALM,STANTON,323 EAST KLEES ROAD,7/26/10
MICHIGAN,MUSKEGON,CASNOVIA,345 MOON CT,7/20/05
MICHIGAN,MUSKEGON,DALTON,5842 DANC DRIVE,10/4/12
MICHIGAN,MUSKEGON,HOLTON,11639 NICHOLS ROAD,1/9/06
MICHIGAN,MUSKEGON,HOLTON,7364 BRICKYARD ROAD,4/6/15
MICHIGAN,MUSKEGON,HOLTON,10037 Holton-duck Lake Rd,6/12/17
MICHIGAN,MUSKEGON,MUSKEGON,1160 HARVEY,4/26/05
MICHIGAN,MUSKEGON,MUSKEGON,1826 RAY,2/7/14
MICHIGAN,MUSKEGON,MUSKEGON,1239 FLEMING,12/17/14
MICHIGAN,MUSKEGON,MUSKEGON,1860 E ISBELLA,9/3/15
MICHIGAN,MUSKEGON,MUSKEGON,1030 Center STREET,5/17/16
MICHIGAN,MUSKEGON,NORTH MUSKEGON,243 RUDDIMAN ROAD,2/7/15
MICHIGAN,MUSKEGON,NORTON SHORES,2917 BRUNSWICK,5/23/05
MICHIGAN,MUSKEGON,NORTON SHORES,3120 SHEFFIELD,7/23/13
MICHIGAN,NEWAYGO,BITELY,11696 NORTH BINGHAM AVENUE,12/13/12
MICHIGAN,NEWAYGO,FREMONT,7038 WEST 48TH,1/12/10
MICHIGAN,NEWAYGO,KENT CITY,2021 EAST 22 MILE ROAD,1/10/11
MICHIGAN,NEWAYGO,WHITE CLOUD,6475 EAST 13TH STREET,11/5/13
MICHIGAN,NEWAYGO,WHITE CLOUD,1388 E. WILCOX AVENUE,2/5/15
MICHIGAN,NEWAYGO,WHITE CLOUD,803 E Townline Rd,10/13/16
MICHIGAN,OAKLAND,HAZEL PARK,1482 EAST ELZA AVENUE,12/3/14
MICHIGAN,OAKLAND,ROYAL OAK,821 NORTH EDGEWORTH AVENUE,9/22/04
MICHIGAN,OCEANA,[Unspecified],9282 192nd Ave,9/19/16
MICHIGAN,OCEANA,HESPERIA,7990 WHITE ROAD,1/9/15
MICHIGAN,OCEANA,HESPERIA,2909 LAKEVIEW DRIVE,6/4/15
MICHIGAN,OCEANA,HESPERIA,8950 NEWFIELD DRIVE,9/23/15
MICHIGAN,OSCEOLA,EVART,765 JEFFERSON 17,6/27/04
MICHIGAN,OSCEOLA,MARION,19844 LOWRY STREET,4/10/08
MICHIGAN,OSCEOLA,TUSTIN,16201 21 MILE ROAD,2/4/14
MICHIGAN,OSCODA,MIO,440 SOUTH GERBER ROAD,3/14/14
MICHIGAN,OTTAWA,ALLENDALE,10069 LAKER LANE,1/15/14
MICHIGAN,OTTAWA,COOPERSVILLE,18118 88th Ave.,4/8/16
MICHIGAN,OTTAWA,HOLLAND,505 30TH W D3,1/6/05
MICHIGAN,OTTAWA,HOLLAND,791 EAST 16TH STREET C52,1/6/13
MICHIGAN,OTTAWA,HOLLAND,92 EAST 21ST STREET LOWER,1/6/13
MICHIGAN,OTTAWA,HOLLAND,11877 WAVERLY MEADOW APT 80,4/16/13
MICHIGAN,OTTAWA,HOLLAND,232 EAST 13TH STREET UPPER,5/6/13
MICHIGAN,OTTAWA,HOLLAND,358 MAPLE AVE STREET 7,5/7/13
MICHIGAN,OTTAWA,HOLLAND,11788 WAVERLY MEADOW,7/17/13
MICHIGAN,OTTAWA,HOLLAND,56 WEST 16TH STREET,4/3/14
MICHIGAN,OTTAWA,WEST OLIVE,9135 Green Oaks Trl,9/22/16
MICHIGAN,OTTAWA,ZEELAND,40 NORTH ELM STREET,1/29/14
MICHIGAN,OTTAWA,ZEELAND,8553 HERON STREET,11/12/15
MICHIGAN,PENOBSCOT,BANGOR,177 HAMMOND ST 1,4/27/05
MICHIGAN,ROSCOMMON,PRUDENVILLE,105 ALBONQUIAN,10/21/14
MICHIGAN,ROSCOMMON,PRUDENVILLE,121 16TH STREET,10/20/14
MICHIGAN,SAGINAW,BIRCH RUN,12119 ROTTIERS STREET,11/25/10
MICHIGAN,SAINT JOSE,PH   BURR OAK,29738 WITT LAKE RD,8/28/04
MICHIGAN,SAINT JOSE,PH   BURR OAK,64718 MAPLE LN,10/7/05
MICHIGAN,SAINT JOSE,PH   BURR OAK,64643 MAPLE LANE,6/1/06
MICHIGAN,SAINT JOSE,PH   CENTREVILLE,16 PLUM CT,9/17/05
MICHIGAN,SAINT JOSE,PH   COLON,123 CANAL ST,6/7/04
MICHIGAN,SAINT JOSE,PH   COLON,31271 FRANCIS STREET,6/13/06
MICHIGAN,SAINT JOSE,PH   CONSTANTINE,1200 WASHINGTON S ST 14,4/12/04
MICHIGAN,SAINT JOSE,PH   LEONIDAS,31093 M 60 HWY,10/26/05
MICHIGAN,SAINT JOSE,PH   STURGIS,122 NOTTOWA N ST,12/26/04
MICHIGAN,SAINT JOSE,PH   STURGIS,1035 CATO LANE,4/28/06
MICHIGAN,SAINT JOSE,PH   STURGIS,206 WEST WEST,7/14/06
MICHIGAN,SAINT JOSE,PH   THREE RIVERS,21266 MICHIGAN AVE,1/12/04
MICHIGAN,SAINT JOSE,PH   THREE RIVERS,16917 SUNSET LN,5/12/04
MICHIGAN,SAINT JOSE,PH   THREE RIVERS,61436 WOOD LAKE RD,2/9/05
MICHIGAN,SAINT JOSE,PH   THREE RIVERS,51378 PARKVILLE RD,6/28/05
MICHIGAN,SAINT JOSE,PH   THREE RIVERS,617 14TH ST LOT 34,8/4/05
MICHIGAN,SAINT JOSE,PH   THREE RIVERS,19350 M-86,11/29/05
MICHIGAN,SAINT JOSE,PH   THREE RIVERS,514 MAIN N ST,12/3/05
MICHIGAN,SAINT JOSE,PH   THREE RIVERS,10251 BALD HILL STREET,3/13/15
MICHIGAN,SAINT JOSE,PH   THREE RIVERS,225 E MICHIGAN STREET,6/9/15
MICHIGAN,SAINT JOSE,PH   WHITE PIGEON,19013 FAWN RIVER RD LOT 7,2/23/04
MICHIGAN,SAINT JOSE,PH   WHITE PIGEON,10842 RIVERSIDE DR,12/8/04
MICHIGAN,SAINT JOSE,PH   WHITE PIGEON,1108 GREEN LAWN,4/3/05
MICHIGAN,SAINT JOSE,PH   WHITE PIGEON,69520 THOMAS ST,7/14/05
MICHIGAN,SAINT JOSE,PH   WHITE PIGEON,107 HOTCHIN E ST,9/14/05
MICHIGAN,SAINT JOSE,PH   WHITE PIGEON,10259 JOHN STREET,9/16/06
MICHIGAN,SAINT JOSE,PH,15378 PARKVILLE RD,11/16/04
MICHIGAN,SANILAC,CARSONVILLE,3980 Walker Rd,8/18/16
MICHIGAN,SANILAC,MARLETTE,3220 Moore St,10/17/16
MICHIGAN,SHIAWASSEE,CORUNNA,3665 BOSTEDOR,10/27/04
MICHIGAN,SHIAWASSEE,DURAND,105 JOHN STREET BOX 1&2,9/10/15
MICHIGAN,SHIAWASSEE,DURAND,105 W John Street,
MICHIGAN,SHIAWASSEE,OVID,1274 LELAND ROAD,6/18/13
MICHIGAN,SHIAWASSEE,OWOSSO,524 CORUNNA AVENUE,11/17/04
MICHIGAN,SHIAWASSEE,OWOSSO,1750 M-21 E HWY 18,12/21/04
MICHIGAN,SHIAWASSEE,OWOSSO,1836 KILBOURN AVE,12/21/04
MICHIGAN,SHIAWASSEE,OWOSSO,523 EXCHANGE E ST,4/14/05
MICHIGAN,SHIAWASSEE,OWOSSO,1101 LYNN ST,4/21/05
MICHIGAN,SHIAWASSEE,OWOSSO,523 EXCHANGE N,4/22/05
MICHIGAN,SHIAWASSEE,OWOSSO,1512 DEWEY W RD,5/1/05
MICHIGAN,SHIAWASSEE,OWOSSO,1101 LYNN W ST,5/17/05
MICHIGAN,SHIAWASSEE,OWOSSO,307 GENESEE W ST,3/27/06
MICHIGAN,SHIAWASSEE,OWOSSO,916 MILWUAKEE STREET,7/28/08
MICHIGAN,SHIAWASSEE,OWOSSO,1200 PENBROOK DRIVE,5/10/09
MICHIGAN,SHIAWASSEE,OWOSSO,6110 MCBRIDE ROAD,7/1/13
MICHIGAN,SHIAWASSEE,OWOSSO,915 FLETCHER STREET,1/3/14
MICHIGAN,SHIAWASSEE,OWOSSO,425 HAMBLIN STREET,2/25/14
MICHIGAN,SHIAWASSEE,OWOSSO,906 S SAGINAW STREET,5/17/15
MICHIGAN,SHIAWASSEE,OWOSSO,721 N WASHINGTON STREET,1/7/16
MICHIGAN,ST. CLAIR,ALGONAC,9734 RIVER ROAD,9/9/15
MICHIGAN,ST. CLAIR,ALGONAC,9734 RIVER ROAD,12/8/15
MICHIGAN,SAINT CLAI,R    CLYDE,5648 NORTH RO,6/9/15
MICHIGAN,ST CLAIR,GOBLES,4045 LAPER 2,9/23/13
MICHIGAN,ST. CLAIR,GOODELLS,8418 SPARLING ROAD,12/6/14
MICHIGAN,ST CLAIR,KENOCKEE TWP,9539 BEARD ROAD,3/27/14
MICHIGAN,ST CLAIR,PORT HURON,1014 CEDAR STREET,3/5/14
MICHIGAN,ST CLAIR,PORT HURON,1039 OAK STREET BOX UPPER,6/11/14
MICHIGAN,ST CLAIR,PORT HURON TWP,4253 LAPEER ROAD 19,8/13/13
MICHIGAN,ST CLAIR,PORT HURON TWP,1039 OAK STREET,9/9/13
MICHIGAN,ST. CLAIR,KALAMAZOO,5279 GRISWOLD,6/4/13
MICHIGAN,ST. CLAIR,KIMBALL,5279 GRISWOLD ROAD,6/4/13
MICHIGAN,ST. CLAIR,PORT HURON,2425 RANDOLPH STREET,7/22/11
MICHIGAN,ST. CLAIR,PORT HURON,1013 10TH STREET APT 2,2/1/12
MICHIGAN,ST. CLAIR,PORT HURON,2705 ROBBINS COURT,10/24/12
MICHIGAN,ST. CLAIR,PORT HURON,2909 PEAVEY STREET,12/6/12
MICHIGAN,ST. CLAIR,PORT HURON,3635 WEST WATER STREET,7/9/13
MICHIGAN,ST. CLAIR,PORT HURON,1116 VARNEY STREET,7/13/13
MICHIGAN,ST. CLAIR,PORT HURON,1037 MINNIE STREET,8/21/13
MICHIGAN,ST CLAIR,PORT HURON,1417 BANCROFT STREET,10/3/14
MICHIGAN,ST. CLAIR,PORT HURON,828 UNION STREET BOX 1,12/6/14
MICHIGAN,ST. CLAIR,PORT HURON,1311 10TH AVENUE,12/2/14
MICHIGAN,ST. CLAIR,PORT HURON,1122 HOWARD STREET BOX 1,1/14/15
MICHIGAN,ST. CLAIR,PORT HURON,2726 STURGES STREET,2/9/15
MICHIGAN,ST. CLAIR,PORT HURON,1233 WALL STREET BOX 3,3/1/15
MICHIGAN,ST. CLAIR,PORT HURON,904 GRISWOLD STREET,5/2/15
MICHIGAN,ST. CLAIR,PORT HURON,815 COURT,9/9/15
MICHIGAN,ST. CLAIR,PORT HURON,1103 CEDAR STREET,2/24/16
MICHIGAN,ST. CLAIR,PORT HURON,1217 9th STREET BOX 4,3/8/16
MICHIGAN,ST. CLAIR,PORT HURON,4125 dove rd.,1/25/17
MICHIGAN,SAINT CLAI,R   SAINT CLAIR,1751 N WADHAMS ROAD,6/9/15
MICHIGAN,SAINT CLAI,R   PORT HURON,1116 VARNEY STREET,7/24/15
MICHIGAN,SAINT CLAI,R   PORT HURON,1322 DIVISION,10/16/15
MICHIGAN,SAINT CLAI,R   PORT HURON,2010 FARRAND STREET,10/27/15
MICHIGAN,SAINT CLAI,R   PORT HURON,2801 GRISWOLD ROAD BOX 47,11/9/15
MICHIGAN,ST. CLAIR,PORT HURON,1400 block mcphearson st.,2/3/17
MICHIGAN,ST. CLAIR,THREE RIVERS,60061 SHAFFER BROTHERS ROAD,11/11/10
MICHIGAN,ST. JOSEPH,BURR OAK,64643 MAPLE LANE,6/1/06
MICHIGAN,ST. JOSEPH,BURR OAK,240 CLINTON STREET,9/8/06
MICHIGAN,ST. JOSEPH,BURR OAK,6470 SYCAMORE DRIVE,12/9/10
MICHIGAN,20388 CENT,REVILLE CONSTANTIN,E,
MICHIGAN,ST. JOSEPH,CENTREVILLE,ROAD,1/10/10
MICHIGAN,ST. JOSEPH,CENTREVILLE,20126 SOUTH RIVER ROAD,5/20/10
MICHIGAN,ST. JOSEPH,CENTREVILLE,327 NORTH DEAN STREET 5,4/3/13
MICHIGAN,ST. JOSEPH,COLON,33618 HOWARD ROAD,3/16/07
MICHIGAN,ST. JOSEPH,COLON,708 EAST STATE STREET,6/16/08
MICHIGAN,ST. JOSEPH,CONSTANTINE,10473 NORTH RIVER ROAD,9/4/07
MICHIGAN,ST. JOSEPH,CONSTANTINE,14310 STEARS ROAD,11/2/07
MICHIGAN,ST. JOSEPH,CONSTANTINE,1200 SOUTH WASHINGTON # 50 STREET,11/5/07
MICHIGAN,ST. JOSEPH,CONSTANTINE,1200 SOUTH WASHINGTON #44 STREET,11/5/07
MICHIGAN,ST. JOSEPH,CONSTANTINE,14310 STEARS ROAD,1/5/08
MICHIGAN,ST. JOSEPH,CONSTANTINE,64170 LUTZ ROAD,12/18/08
MICHIGAN,ST. JOSEPH,CONSTANTINE,13029 RIVERSIDE DRIVE,9/1/10
MICHIGAN,ST. JOSEPH,CONSTANTINE,66265 LUTZ ROAD,2/20/11
MICHIGAN,ST. JOSEPH,CONSTANTINE,66265 LUTZ ROAD,2/20/11
MICHIGAN,ST. JOSEPH,LEONIDAS,54754 OLNEY ROAD,3/11/11
MICHIGAN,ST. JOSEPH,MARCELLUS,53286 DAY ROAD,7/22/07
MICHIGAN,ST. JOSEPH,MENDON,52022 TONYA DRIVE,4/26/10
MICHIGAN,ST. JOSEPH,NOTTAWA,237 FIRST,10/30/07
MICHIGAN,ST. JOSEPH,STURGIS,25039 US-12 UNIT 114,4/27/06
MICHIGAN,ST. JOSEPH,STURGIS,1035 CATO LN B3,4/28/06
MICHIGAN,ST. JOSEPH,STURGIS,306 JOHN STREET,10/20/06
MICHIGAN,ST. JOSEPH,STURGIS,408 NORTH FOURTH STREET,12/29/06
MICHIGAN,ST. JOSEPH,STURGIS,207 EAST HATCH,1/8/07
MICHIGAN,ST. JOSEPH,STURGIS,305 JOHN STREET,3/22/07
MICHIGAN,ST. JOSEPH,STURGIS,514 COTTAGE STREET,4/18/07
MICHIGAN,ST. JOSEPH,STURGIS,68535 NORTH LAKEVIEW,8/21/07
MICHIGAN,ST. JOSEPH,STURGIS,215 ELLERMAN STREET,10/10/07
MICHIGAN,ST. JOSEPH,STURGIS,70360 SHIMMEL ROAD,10/22/07
MICHIGAN,ST. JOSEPH,STURGIS,70074 CARLS ROAD,10/30/07
MICHIGAN,ST. JOSEPH,STURGIS,602 WENZEL STREET,1/7/08
MICHIGAN,ST. JOSEPH,STURGIS,1002 GREENLAWN STREET,1/22/08
MICHIGAN,ST. JOSEPH,STURGIS,207 SOUTH MAPLE STREET,2/22/08
MICHIGAN,ST. JOSEPH,STURGIS,700 LANCHASHIRE DRIVE,5/6/08
MICHIGAN,ST. JOSEPH,STURGIS,427 CENTER STREET,11/28/08
MICHIGAN,ST. JOSEPH,STURGIS,302 GATEWAY COURT C,4/4/09
MICHIGAN,ST. JOSEPH,STURGIS,65425 NORTH M-66,1/17/10
MICHIGAN,ST. JOSEPH,STURGIS,70710 CARLS ROAD,2/2/10
MICHIGAN,ST. JOSEPH,STURGIS,401 NORTH STREET 4,2/23/10
MICHIGAN,ST. JOSEPH,STURGIS,209 NORTH MAPLE STREET,1/19/11
MICHIGAN,ST. JOSEPH,STURGIS,207 NORTH PROSPECT 1,10/23/12
MICHIGAN,ST. JOSEPH,STURGIS,1025 CATO LANE A-1,6/23/13
MICHIGAN,ST JOSEPH,STURGIS,701 ST.JOSEPH STREET,10/8/13
MICHIGAN,ST. JOSEPH,THREE RIVERS,302 PORTAGE AVENUE,9/19/05
MICHIGAN,ST. JOSEPH,THREE RIVERS,404 FIFTH STREET,11/7/06
MICHIGAN,ST. JOSEPH,THREE RIVERS,652 SPRING STREET,11/8/06
MICHIGAN,ST. JOSEPH,THREE RIVERS,515 HILL STREET,11/12/06
MICHIGAN,ST. JOSEPH,THREE RIVERS,58554 KERR CREEK ROAD,12/10/06
MICHIGAN,ST. JOSEPH,THREE RIVERS,810 SOUTH DOUGLAS,7/23/07
MICHIGAN,ST. JOSEPH,THREE RIVERS,61600 YOUNGMAN APT 27 ROAD,9/6/07
MICHIGAN,ST. JOSEPH,THREE RIVERS,59823 CONSTANTINE ROAD,1/11/08
MICHIGAN,ST. JOSEPH,THREE RIVERS,506 MECHANIC,3/24/08
MICHIGAN,ST. JOSEPH,THREE RIVERS,705 EIGHT STREET,7/9/08
MICHIGAN,ST. JOSEPH,THREE RIVERS,1020 8TH STREET,9/1/08
MICHIGAN,ST. JOSEPH,THREE RIVERS,321 SOUTH ERIE STREET 201,11/11/08
MICHIGAN,ST. JOSEPH,THREE RIVERS,57000 BULLEHORN ROAD,5/8/09
MICHIGAN,ST. JOSEPH,THREE RIVERS,316 GARDEN STREET 4,1/17/10
MICHIGAN,ST. JOSEPH,THREE RIVERS,18278 HAMILTON DRIVE,7/14/10
MICHIGAN,ST. JOSEPH,THREE RIVERS,810 8TH STREET,9/21/10
MICHIGAN,ST. JOSEPH,THREE RIVERS,416 RIVER STREET,1/14/11
MICHIGAN,ST. JOSEPH,THREE RIVERS,301 EAST STREET,9/5/11
MICHIGAN,ST. JOSEPH,THREE RIVERS,200 SOUTH CONSTATINE,10/18/11
MICHIGAN,ST. JOSEPH,THREE RIVERS,13708 HOFFMAN ROAD,2/18/12
MICHIGAN,ST. JOSEPH,THREE RIVERS,58479 COUNTY LINE RD,3/29/13
MICHIGAN,ST. JOSEPH,THREE RIVERS,334 WEST MAIN STREET,7/8/14
MICHIGAN,ST. JOSEPH,THREE RIVERS,57901 PATTERSON LANE,8/5/14
MICHIGAN,ST. JOSEPH,THREE RIVERS,13495 MOHNEY ROAD,9/14/15
MICHIGAN,ST. JOSEPH,THREE RIVERS,57947 OAK PARK ROAD,12/11/15
MICHIGAN,ST. JOSEPH,WHITE PIGEON,68592 MANN ROAD,12/24/06
MICHIGAN,ST. JOSEPH,WHITE PIGEON,21305 HIGHWAY 12,3/7/07
MICHIGAN,ST. JOSEPH,WHITE PIGEON,20023 US-12,7/12/07
MICHIGAN,ST. JOSEPH,WHITE PIGEON,214 SOUTH LINCOLN STREET,9/28/07
MICHIGAN,ST. JOSEPH,WHITE PIGEON,68571 MANN ROAD,3/8/08
MICHIGAN,ST. JOSEPH,WHITE PIGEON,15730 INDIAN PRAIRIE ROAD,8/7/08
MICHIGAN,ST. JOSEPH,WHITE PIGEON,107 EAST HOTCHIN STREET,8/9/08
MICHIGAN,ST. JOSEPH,WHITE PIGEON,67960 CROOKED CREEK ROAD,8/20/08
MICHIGAN,ST. JOSEPH,WHITE PIGEON,67960 CROOKED CREEK ROAD,4/29/10
MICHIGAN,ST. JOSEPH,WHITE PIGEON,21895 US-12,6/3/10
MICHIGAN,ST. JOSEPH,WHITE PIGEON,306 SOUTH ELKHART STREET,9/17/10
MICHIGAN,TUSCOLA,CARO,1494 S RINGLE ROAD,9/14/15
MICHIGAN,TUSCOLA,MAYVILLE,2139 E OHMER,7/23/15
MICHIGAN,VAN BUREN,ARLINGTON TOWNS,HIP29850 50TH ST,5/18/04
MICHIGAN,VAN BUREN,BANGOR,38872 52 ND ST,11/19/04
MICHIGAN,VAN BUREN,BANGOR,38872 52ND STREET,11/8/07
MICHIGAN,VAN BUREN,BANGOR,52911 38TH AVENUE,8/3/12
MICHIGAN,VAN BUREN,BANGOR,62769 WALNUT STREET,11/13/13
MICHIGAN,VAN BUREN,BANGOR,29876 61ST STREET,5/4/15
MICHIGAN,VAN BUREN,BLOOMINGDALE,44264 24TH AVE,1/22/04
MICHIGAN,VAN BUREN,BLOOMINGDALE,42426 15TH AVE,3/16/04
MICHIGAN,VAN BUREN,BLOOMINGDALE,20331 41 STREET,8/14/10
MICHIGAN,VAN BUREN,BLOOMINGDALE,38039 20TH AVENUE,8/10/11
MICHIGAN,VAN BUREN,BLOOMINGDALE,37373 COUNTY ROAD 390,10/16/12
MICHIGAN,VAN BUREN,BREEDSVILLE,49908 18th AVE,8/1/16
MICHIGAN,VAN BUREN,BREEDSVILLE,55533 6TH AVE.,1/3/17
MICHIGAN,VAN BUREN,COVERT,76721 30TH AVE,2/3/05
MICHIGAN,VAN BUREN,COVERT,46696 72ND STREET,10/17/12
MICHIGAN,VAN BUREN,COVERT,76544 CO RD 378,9/25/17
MICHIGAN,VAN BUREN,DECATUR,82560 M 51 HWY,1/26/05
MICHIGAN,VAN BUREN,DECATUR,107 NORTH JOHN STREET,9/16/07
MICHIGAN,VAN BUREN,DECATUR,311 HILL STREET,9/18/07
MICHIGAN,VAN BUREN,DECATUR,304 PINE STREET,2/25/08
MICHIGAN,VAN BUREN,DECATUR,39563 BURGESS ROAD,11/10/08
MICHIGAN,VAN BUREN,DECATUR,56630 89TH AVENUE LOT 34,12/18/08
MICHIGAN,VAN BUREN,DECATUR,80545 39TH STREET,4/16/10
MICHIGAN,VAN BUREN,DECATUR,37555 82ND AVENUE,12/2/11
MICHIGAN,VAN BUREN,DECATUR,410 PAW PAW STREET,1/16/12
MICHIGAN,VAN BUREN,DECATUR,305 S PHELPS STREET,6/16/15
MICHIGAN,VAN BUREN,DECATUR,604 S george STREET,3/18/16
MICHIGAN,VAN BUREN,DECATUR,50550 County Road 352,4/20/16
MICHIGAN,VAN BUREN,DECATUR,216 W Sherwood St,9/21/16
MICHIGAN,VAN BUREN,GOBLES,36153 6TH AVE,9/24/04
MICHIGAN,VAN BUREN,GOBLES,29932 COUNTY ROAD 388,12/3/04
MICHIGAN,VAN BUREN,GOBLES,36100 6TH AVE,12/6/04
MICHIGAN,VAN BUREN,GOBLES,20717 CO RD 653,6/24/05
MICHIGAN,VAN BUREN,GOBLES,13622 CR 653,9/10/05
MICHIGAN,VAN BUREN,GOBLES,34162 HOMEWOOD DR,12/8/05
MICHIGAN,VAN BUREN,GOBLES,27793 20TH AVE,12/18/05
MICHIGAN,VAN BUREN,GOBLES,101 COTTAGE STREET 1,5/17/08
MICHIGAN,VAN BUREN,GOBLES,25113 12TH AVENUE,6/18/08
MICHIGAN,VAN BUREN,GOBLES,16308 27TH STREET,6/26/10
MICHIGAN,VAN BUREN,GOBLES,13446 32ND STREET,1/10/13
MICHIGAN,VAN BUREN,GOBLES,30251 10TH AVENUE,6/17/15
MICHIGAN,VAN BUREN,GRAND JUNCTION,49908 18TH AVE,2/14/05
MICHIGAN,VAN BUREN,GRAND JUNCTION,16308 5O 1/2 ST,1/5/06
MICHIGAN,VAN BUREN,GRAND JUNCTION,18444 55TH STREET,7/8/08
MICHIGAN,VAN BUREN,GRAND JUNCTION,02837 48 1/2 STREET,10/5/14
MICHIGAN,VAN BUREN,HARTFORD,60854 61ST AVE,3/12/06
MICHIGAN,VAN BUREN,HARTFORD,118 MICHIGAN,8/25/10
MICHIGAN,VAN BUREN,HARTFORD,69691 RED ARROW HIGHWAY,3/4/11
MICHIGAN,VAN BUREN,HARTFORD,55214 COUNTRY ROAD 687,8/19/11
MICHIGAN,VAN BUREN,HARTFORD,109 FRANKLIN STREET,10/25/11
MICHIGAN,VAN BUREN,HARTFORD,127 MICHIGAN AVENUE,2/19/12
MICHIGAN,VAN BUREN,HARTFORD,84267 COUNTRY 687 ROAD,6/11/12
MICHIGAN,VAN BUREN,HARTFORD,59642 60TH STREET,6/13/12
MICHIGAN,VAN BUREN,HARTFORD,64533 TERRITORIAL ROAD,8/9/12
MICHIGAN,VAN BUREN,HARTFORD,302 SPAULDING STREET,8/22/12
MICHIGAN,VAN BUREN,HARTFORD,59810 65TH STREET,8/22/12
MICHIGAN,VAN BUREN,HARTFORD,40 MARION AVENUE,11/8/13
MICHIGAN,VAN BUREN,HARTFORD,62064 66TH AVENUE,10/6/14
MICHIGAN,VAN BUREN,HARTFORD,322 ELMWOOD STREET,5/15/15
MICHIGAN,VAN BUREN,HARTFORD,65645 GRIDLEY ROAD,11/23/15
MICHIGAN,VAN BUREN,KENDALL,16750 27TH ST,2/9/05
MICHIGAN,VAN BUREN,LAWRENCE,51241 72ND. AVE,3/10/04
MICHIGAN,VAN BUREN,LAWRENCE,422 ST. JOSEPH W ST,7/25/05
MICHIGAN,VAN BUREN,LAWRENCE,599 PAW PAW STREET 2C,8/24/11
MICHIGAN,VAN BUREN,LAWRENCE,51241 72ND AVENUE,7/9/12
MICHIGAN,VAN BUREN,LAWRENCE,50663 RED ARROW HIGHWAY APT 1,3/5/14
MICHIGAN,VAN BUREN,LAWTON,33410 88TH AVE,10/23/04
MICHIGAN,VAN BUREN,LAWTON,31374 64TH AVE,2/15/05
MICHIGAN,VAN BUREN,LAWTON,913 CEMETARY DR,5/10/05
MICHIGAN,VAN BUREN,LAWTON,75910 MARIE DRIVE,8/23/07
MICHIGAN,VAN BUREN,LAWTON,34321 C.R. 669,7/17/08
MICHIGAN,VAN BUREN,LAWTON,209 FREMONT STREET,4/9/10
MICHIGAN,VAN BUREN,LAWTON,66522 32ND STREET,4/12/10
MICHIGAN,VAN BUREN,LAWTON,66060 29TH STREET,5/26/10
MICHIGAN,VAN BUREN,LAWTON,23715 COUNTY 374 ROAD 10,9/14/11
MICHIGAN,VAN BUREN,LAWTON,305 EAST MAIN STREET,9/2/13
MICHIGAN,VAN BUREN,LAWTON,31235 62ND AVENUE,10/21/14
MICHIGAN,VAN BUREN,LAWTON,210 Morrill STREET,
MICHIGAN,VAN BUREN,LAWTON,603 E 2nd St,10/6/16
MICHIGAN,VAN BUREN,MATTAWAN,27802 County Road 364,7/7/16
MICHIGAN,VAN BUREN,MATTAWAN,25350 60TH AVENUE,2/25/08
MICHIGAN,VAN BUREN,MATTAWAN,24500 WEST MCGILLEN AVENUE G3,7/8/08
MICHIGAN,VAN BUREN,MATTAWAN,24054 M-43 HIGHWAY 27,11/19/08
MICHIGAN,VAN BUREN,MATTAWAN,56289 MURRAY STREET LOT 23,12/19/08
MICHIGAN,VAN BUREN,MATTAWAN,56289 CARPENTER STREET,5/18/10
MICHIGAN,VAN BUREN,MATTAWAN,22327 WOODHENGE DRIVE,5/20/11
MICHIGAN,VAN BUREN,MATTAWAN,63908 COUNTRY 652 ROAD,1/17/13
MICHIGAN,VAN BUREN,PAW PAW,312 VAN BUREN N ST,3/12/04
MICHIGAN,VAN BUREN,PAW PAW,608 MICHIGAN W AVE,10/12/04
MICHIGAN,VAN BUREN,PAW PAW,51730 35 1/2 ST,12/27/04
MICHIGAN,VAN BUREN,PAW PAW,207 WILLARD ST 1,3/2/05
MICHIGAN,VAN BUREN,PAW PAW,51730 35 1/2 ST,4/30/05
MICHIGAN,VAN BUREN,PAW PAW,206 GREMPS S,7/29/05
MICHIGAN,VAN BUREN,PAW PAW,38622 47TH AVE,8/28/05
MICHIGAN,VAN BUREN,PAW PAW,46882 38TH AVE,11/2/05
MICHIGAN,VAN BUREN,PAW PAW,42439 35TH STREET,6/28/06
MICHIGAN,VAN BUREN,PAW PAW,43141 EAGLE LAKE DRIVE,5/16/07
MICHIGAN,VAN BUREN,PAW PAW,1012 SOUTH LAGRAVE STREET,5/28/07
MICHIGAN,VAN BUREN,PAW PAW,308 EAST BERRIEN STREET,7/6/07
MICHIGAN,VAN BUREN,PAW    PAW,60920 40TH STREET,2/29/08
MICHIGAN,VAN BUREN,PAW    PAW,1012 SOUTH LAGRAVE STREET 32,3/13/08
MICHIGAN,VAN BUREN,PAW    PAW,61319 40TH STREET,12/2/08
MICHIGAN,VAN BUREN,PAW    PAW,29384 COUNTY ROAD 665,2/19/10
MICHIGAN,VAN BUREN,PAW    PAW,38741 PAW PAW ROAD,5/19/10
MICHIGAN,VAN BUREN,PAW    PAW,810 EAST ST JOSEPH STREET 1B,6/11/10
MICHIGAN,VAN BUREN,PAW    PAW,38830 PAW PAW ROAD,6/14/10
MICHIGAN,VAN BUREN,PAW PAW,1012 SOUTH LAGRAVE STREET LOT# 2,8     5/25/2011
MICHIGAN,VAN BUREN,PAW PAW,41474 56TH AVENUE,12/14/11
MICHIGAN,VAN BUREN,PAW PAW,31235 62ND AVENUE,1/5/12
MICHIGAN,VAN BUREN,PAW PAW,42238 35TH STREET,1/12/12
MICHIGAN,VAN BUREN,PAW PAW,38674 PAW PAW ROAD,10/3/12
MICHIGAN,VAN BUREN,PAW PAW,3864 PAW PAW ROAD,1/3/13
MICHIGAN,VAN BUREN,PAW PAW,517 ELM,3/19/14
MICHIGAN,VAN BUREN,PAW PAW,36715 COUNTY RD 653,10/21/14
MICHIGAN,VAN BUREN,PAW PAW,1012 S LAGRAVE,5/27/15
MICHIGAN,VAN BUREN,PAW PAW,33555 56TH AVENUE,7/28/15
MICHIGAN,VAN BUREN,PAW PAW,46841 ANTHONY STREET,9/3/15
MICHIGAN,VAN BUREN,SOUTH GULL L,AKE 73100 COUNTY ROAD 388 80,6/21/13
MICHIGAN,VAN BUREN,SOUTH HAVEN,76648 11TH AVE,6/17/04
MICHIGAN,VAN BUREN,SOUTH HAVEN,201 73RD STREET,2/1/10
MICHIGAN,VAN BUREN,SOUTH HAVEN,546 HUMPHREY STREET,3/16/16
MICHIGAN,VAN BUREN,WATERVLIET,69478 66TH AVENUE,3/19/11
MICHIGAN,WASHTENAW,MANCHESTER,314 S WASHINGTON STREET,3/2/15
MICHIGAN,WASHTENAW,SALINE,13340 LINDSLEY ROAD,8/9/06
MICHIGAN,WASHTENAW,YPSILANTI,752 Oswego Ave,10/14/16
MICHIGAN,WAYNE,DETROIT,9367 WARD STREET,6/18/08
MICHIGAN,WEXFORD,CADILLAC,6344 SOUTH 27 ROAD,2/5/14
MICHIGAN,WEXFORD,CADILLAC,214 HOWARD STREET,5/8/14
MICHIGAN,WEXFORD,CADILLAC,318 E NELSON STREET BOX 2,1/15/15
MICHIGAN,WEXFORD,CADILLAC,430 JAN MARIE STREET,8/20/15
MICHIGAN,WEXFORD,MANTON,307 WEST STREET,5/6/13
MICHIGAN,WEXFORD,MANTON,8270 E 18 .5 ROAD,5/17/15